[0m15:39:14.519188 [debug] [MainThread]: Sending event: {'category': 'dbt', 'action': 'invocation', 'label': 'start', 'context': [<snowplow_tracker.self_describing_json.SelfDescribingJson object at 0x7d5bb3ec9fa0>, <snowplow_tracker.self_describing_json.SelfDescribingJson object at 0x7d5bb567a540>, <snowplow_tracker.self_describing_json.SelfDescribingJson object at 0x7d5bb3e93950>]}


============================== 15:39:14.525113 | ee978420-a171-4f65-be70-792f69b23a29 ==============================
[0m15:39:14.525113 [info ] [MainThread]: Running with dbt=1.12.5
[0m15:39:14.525915 [debug] [MainThread]: running dbt with arguments {'warn_error': 'None', 'quiet': 'False', 'debug': 'False', 'use_colors': 'True', 'hints_enabled': 'True', 'log_path': 'logs', 'partial_parse': 'True', 'invocation_command': 'dbt debug --project-dir . --profiles-dir .', 'send_anonymous_usage_stats': 'True', 'fail_fast': 'False', 'write_json': 'True', 'introspect': 'True', 'cache_selected_only': 'False', 'maximum_seed_size_mib': '1', 'log_format': 'default', 'profiles_dir': '.', 'printer_width': '80', 'log_cache_events': 'False', 'target_path': 'None', 'warn_error_options': 'WarnErrorOptionsV2(error=[], warn=[], silence=[])', 'empty': 'None', 'no_print': 'None', 'use_experimental_parser': 'False', 'static_parser': 'True', 'indirect_selection': 'eager', 'version_check': 'True'}
[0m15:39:14.539478 [info ] [MainThread]: dbt version: 1.12.5
[0m15:39:14.540006 [info ] [MainThread]: python version: 3.12.3
[0m15:39:14.540427 [info ] [MainThread]: python path: /home/hatch/workspace/ai-data-engineer/.venv/bin/python3
[0m15:39:14.540760 [info ] [MainThread]: os info: Linux-7.0.0-38-generic-x86_64-with-glibc2.39
[0m15:39:14.685140 [info ] [MainThread]: Using profiles dir at .
[0m15:39:14.685846 [info ] [MainThread]: Using profiles.yml file at ./profiles.yml
[0m15:39:14.686255 [info ] [MainThread]: Using dbt_project.yml file at ./dbt_project.yml
[0m15:39:14.688120 [info ] [MainThread]: adapter type: duckdb
[0m15:39:14.688635 [info ] [MainThread]: adapter version: 1.11.0
[0m15:39:14.836569 [info ] [MainThread]: Configuration:
[0m15:39:14.837379 [info ] [MainThread]:   profiles.yml file [[32mOK found and valid[0m]
[0m15:39:14.837848 [info ] [MainThread]:   dbt_project.yml file [[32mOK found and valid[0m]
[0m15:39:14.838170 [info ] [MainThread]: Required dependencies:
[0m15:39:14.838759 [debug] [MainThread]: Executing "git --help"
[0m15:39:14.851283 [debug] [MainThread]: STDOUT: "b"usage: git [-v | --version] [-h | --help] [-C <path>] [-c <name>=<value>]\n           [--exec-path[=<path>]] [--html-path] [--man-path] [--info-path]\n           [-p | --paginate | -P | --no-pager] [--no-replace-objects] [--bare]\n           [--git-dir=<path>] [--work-tree=<path>] [--namespace=<name>]\n           [--config-env=<name>=<envvar>] <command> [<args>]\n\nThese are common Git commands used in various situations:\n\nstart a working area (see also: git help tutorial)\n   clone     Clone a repository into a new directory\n   init      Create an empty Git repository or reinitialize an existing one\n\nwork on the current change (see also: git help everyday)\n   add       Add file contents to the index\n   mv        Move or rename a file, a directory, or a symlink\n   restore   Restore working tree files\n   rm        Remove files from the working tree and from the index\n\nexamine the history and state (see also: git help revisions)\n   bisect    Use binary search to find the commit that introduced a bug\n   diff      Show changes between commits, commit and working tree, etc\n   grep      Print lines matching a pattern\n   log       Show commit logs\n   show      Show various types of objects\n   status    Show the working tree status\n\ngrow, mark and tweak your common history\n   branch    List, create, or delete branches\n   commit    Record changes to the repository\n   merge     Join two or more development histories together\n   rebase    Reapply commits on top of another base tip\n   reset     Reset current HEAD to the specified state\n   switch    Switch branches\n   tag       Create, list, delete or verify a tag object signed with GPG\n\ncollaborate (see also: git help workflows)\n   fetch     Download objects and refs from another repository\n   pull      Fetch from and integrate with another repository or a local branch\n   push      Update remote refs along with associated objects\n\n'git help -a' and 'git help -g' list available subcommands and some\nconcept guides. See 'git help <command>' or 'git help <concept>'\nto read about a specific subcommand or concept.\nSee 'git help git' for an overview of the system.\n""
[0m15:39:14.852079 [debug] [MainThread]: STDERR: "b''"
[0m15:39:14.852543 [info ] [MainThread]:  - git [[32mOK found[0m]

[0m15:39:14.852905 [info ] [MainThread]: Connection:
[0m15:39:14.853231 [info ] [MainThread]:   database: warehouse
[0m15:39:14.853588 [info ] [MainThread]:   schema: main
[0m15:39:14.853875 [info ] [MainThread]:   path: warehouse/warehouse.duckdb
[0m15:39:14.854152 [info ] [MainThread]:   config_options: None
[0m15:39:14.854470 [info ] [MainThread]:   extensions: None
[0m15:39:14.854751 [info ] [MainThread]:   settings: {}
[0m15:39:14.855031 [info ] [MainThread]:   external_root: .
[0m15:39:14.855342 [info ] [MainThread]:   use_credential_provider: None
[0m15:39:14.855653 [info ] [MainThread]:   attach: None
[0m15:39:14.855912 [info ] [MainThread]:   filesystems: None
[0m15:39:14.856258 [info ] [MainThread]:   remote: None
[0m15:39:14.856656 [info ] [MainThread]:   plugins: None
[0m15:39:14.856931 [info ] [MainThread]:   disable_transactions: False
[0m15:39:14.857458 [info ] [MainThread]: Registered adapter: duckdb=1.11.0
[0m15:39:14.936262 [debug] [MainThread]: Acquiring new duckdb connection 'debug'
[0m15:39:14.973679 [debug] [MainThread]: Using duckdb connection "debug"
[0m15:39:14.974896 [debug] [MainThread]: On debug: select 1 as id
[0m15:39:14.975851 [debug] [MainThread]: Opening a new connection, currently in state init
[0m15:39:15.020105 [debug] [MainThread]: SQL status: OK in 0.044 seconds
[0m15:39:15.021977 [debug] [MainThread]: On debug: Close
[0m15:39:15.022843 [info ] [MainThread]:   Connection test: [[32mOK connection ok[0m]

[0m15:39:15.023600 [info ] [MainThread]: [32mAll checks passed![0m
[0m15:39:15.025481 [debug] [MainThread]: Resource report: {"command_name": "debug", "command_success": true, "command_wall_clock_time": 0.6098454, "process_in_blocks": "120", "process_kernel_time": 0.207031, "process_mem_max_rss": "149704", "process_out_blocks": "144", "process_user_time": 2.313606}
[0m15:39:15.026503 [debug] [MainThread]: Command `dbt debug` succeeded at 15:39:15.026334 after 0.61 seconds
[0m15:39:15.027144 [debug] [MainThread]: Connection 'debug' was properly closed.
[0m15:39:15.027846 [debug] [MainThread]: Sending event: {'category': 'dbt', 'action': 'invocation', 'label': 'end', 'context': [<snowplow_tracker.self_describing_json.SelfDescribingJson object at 0x7d5bb44f0ec0>, <snowplow_tracker.self_describing_json.SelfDescribingJson object at 0x7d5bb30e0bc0>, <snowplow_tracker.self_describing_json.SelfDescribingJson object at 0x7d5bb34cf920>]}
[0m15:39:15.028650 [debug] [MainThread]: Flushing usage events
[0m15:39:20.144055 [debug] [MainThread]: An error was encountered while trying to flush usage events
[0m15:39:44.074090 [debug] [MainThread]: Sending event: {'category': 'dbt', 'action': 'invocation', 'label': 'start', 'context': [<snowplow_tracker.self_describing_json.SelfDescribingJson object at 0x7359525e9a60>, <snowplow_tracker.self_describing_json.SelfDescribingJson object at 0x7359542184d0>, <snowplow_tracker.self_describing_json.SelfDescribingJson object at 0x735952446ff0>]}


============================== 15:39:44.081026 | 7dea7193-c928-401b-bf34-67a2140721b4 ==============================
[0m15:39:44.081026 [info ] [MainThread]: Running with dbt=1.12.5
[0m15:39:44.082155 [debug] [MainThread]: running dbt with arguments {'log_format': 'default', 'hints_enabled': 'True', 'use_experimental_parser': 'False', 'maximum_seed_size_mib': '1', 'no_print': 'None', 'printer_width': '80', 'profiles_dir': '.', 'log_cache_events': 'False', 'empty': 'False', 'write_json': 'True', 'static_parser': 'True', 'quiet': 'False', 'invocation_command': 'dbt build --select tag:silver --project-dir . --profiles-dir .', 'fail_fast': 'False', 'cache_selected_only': 'False', 'introspect': 'True', 'target_path': 'None', 'debug': 'False', 'log_path': 'logs', 'use_colors': 'True', 'warn_error': 'None', 'partial_parse': 'True', 'indirect_selection': 'eager', 'version_check': 'True', 'warn_error_options': 'WarnErrorOptionsV2(error=[], warn=[], silence=[])', 'send_anonymous_usage_stats': 'True'}
[0m15:39:44.390483 [debug] [MainThread]: Sending event: {'category': 'dbt', 'action': 'project_id', 'label': '7dea7193-c928-401b-bf34-67a2140721b4', 'context': [<snowplow_tracker.self_describing_json.SelfDescribingJson object at 0x73594c3fbc50>]}
[0m15:39:44.481699 [debug] [MainThread]: Sending event: {'category': 'dbt', 'action': 'adapter_info', 'label': '7dea7193-c928-401b-bf34-67a2140721b4', 'context': [<snowplow_tracker.self_describing_json.SelfDescribingJson object at 0x7359512362a0>]}
[0m15:39:44.484546 [info ] [MainThread]: Registered adapter: duckdb=1.11.0
[0m15:39:44.583007 [debug] [MainThread]: checksum: 14f0a8ae585d54b9c5b9cbf5af4069f390387b877109f247078c6a56c7c26b8a, vars: {}, profile: ai_data_engineer, target: dev, version: 1.12.5
[0m15:39:44.584011 [info ] [MainThread]: Unable to do partial parsing because saved manifest not found. Starting full parse.
[0m15:39:44.584566 [debug] [MainThread]: Sending event: {'category': 'dbt', 'action': 'partial_parser', 'label': '7dea7193-c928-401b-bf34-67a2140721b4', 'context': [<snowplow_tracker.self_describing_json.SelfDescribingJson object at 0x7359510636b0>]}
[0m15:39:46.256999 [debug] [MainThread]: Sending event: {'category': 'dbt', 'action': 'load_project', 'label': '7dea7193-c928-401b-bf34-67a2140721b4', 'context': [<snowplow_tracker.self_describing_json.SelfDescribingJson object at 0x73594ba4f140>]}
[0m15:39:46.362864 [debug] [MainThread]: Wrote artifact WritableManifest to ./target/manifest.json
[0m15:39:46.366410 [debug] [MainThread]: Wrote artifact SemanticManifest to ./target/semantic_manifest.json
[0m15:39:46.382891 [debug] [MainThread]: Wrote artifact OsiDocument to ./target/osi_document.json
[0m15:39:46.409729 [debug] [MainThread]: Sending event: {'category': 'dbt', 'action': 'resource_counts', 'label': '7dea7193-c928-401b-bf34-67a2140721b4', 'context': [<snowplow_tracker.self_describing_json.SelfDescribingJson object at 0x73594b58e0f0>]}
[0m15:39:46.410466 [info ] [MainThread]: Found 4 models, 2 sources, 500 macros
[0m15:39:46.412912 [info ] [MainThread]: 
[0m15:39:46.413586 [info ] [MainThread]: Concurrency: 1 threads (target='dev')
[0m15:39:46.414019 [info ] [MainThread]: 
[0m15:39:46.414739 [debug] [MainThread]: Acquiring new duckdb connection 'master'
[0m15:39:46.421573 [debug] [ThreadPool]: Acquiring new duckdb connection 'list_warehouse'
[0m15:39:46.463241 [debug] [ThreadPool]: Using duckdb connection "list_warehouse"
[0m15:39:46.463870 [debug] [ThreadPool]: On list_warehouse: /* {"app": "dbt", "dbt_version": "1.12.5", "profile_name": "ai_data_engineer", "target_name": "dev", "connection_name": "list_warehouse"} */

    
    select schema_name
    from system.information_schema.schemata
    
    where lower(catalog_name) = '"warehouse"'
    
  
  
[0m15:39:46.464269 [debug] [ThreadPool]: Opening a new connection, currently in state init
[0m15:39:46.484676 [debug] [ThreadPool]: SQL status: OK in 0.020 seconds
[0m15:39:46.486561 [debug] [ThreadPool]: On list_warehouse: Close
[0m15:39:46.487777 [debug] [ThreadPool]: Re-using an available connection from the pool (formerly list_warehouse, now create_warehouse_main)
[0m15:39:46.488482 [debug] [ThreadPool]: Creating schema "database: "warehouse"
schema: "main"
"
[0m15:39:46.504464 [debug] [ThreadPool]: Using duckdb connection "create_warehouse_main"
[0m15:39:46.505026 [debug] [ThreadPool]: On create_warehouse_main: /* {"app": "dbt", "dbt_version": "1.12.5", "profile_name": "ai_data_engineer", "target_name": "dev", "connection_name": "create_warehouse_main"} */

    
        select type from duckdb_databases()
        where lower(database_name)='warehouse'
        and type != 'duckdb'
    
  
[0m15:39:46.523898 [debug] [ThreadPool]: Opening a new connection, currently in state closed
[0m15:39:46.528610 [debug] [ThreadPool]: SQL status: OK in 0.005 seconds
[0m15:39:46.531081 [debug] [ThreadPool]: Using duckdb connection "create_warehouse_main"
[0m15:39:46.531868 [debug] [ThreadPool]: On create_warehouse_main: BEGIN
[0m15:39:46.534739 [debug] [ThreadPool]: SQL status: OK in 0.002 seconds
[0m15:39:46.535508 [debug] [ThreadPool]: Using duckdb connection "create_warehouse_main"
[0m15:39:46.536157 [debug] [ThreadPool]: On create_warehouse_main: /* {"app": "dbt", "dbt_version": "1.12.5", "profile_name": "ai_data_engineer", "target_name": "dev", "connection_name": "create_warehouse_main"} */

    
    
        create schema if not exists "warehouse"."main"
    
[0m15:39:46.537446 [debug] [ThreadPool]: SQL status: OK in 0.001 seconds
[0m15:39:46.538913 [debug] [ThreadPool]: On create_warehouse_main: COMMIT
[0m15:39:46.539664 [debug] [ThreadPool]: Using duckdb connection "create_warehouse_main"
[0m15:39:46.540292 [debug] [ThreadPool]: On create_warehouse_main: COMMIT
[0m15:39:46.541237 [debug] [ThreadPool]: SQL status: OK in 0.000 seconds
[0m15:39:46.542017 [debug] [ThreadPool]: On create_warehouse_main: Close
[0m15:39:46.545109 [debug] [ThreadPool]: Acquiring new duckdb connection 'list_warehouse_main'
[0m15:39:46.553655 [debug] [ThreadPool]: Using duckdb connection "list_warehouse_main"
[0m15:39:46.554570 [debug] [ThreadPool]: On list_warehouse_main: BEGIN
[0m15:39:46.555243 [debug] [ThreadPool]: Opening a new connection, currently in state init
[0m15:39:46.556833 [debug] [ThreadPool]: SQL status: OK in 0.002 seconds
[0m15:39:46.557694 [debug] [ThreadPool]: Using duckdb connection "list_warehouse_main"
[0m15:39:46.558350 [debug] [ThreadPool]: On list_warehouse_main: /* {"app": "dbt", "dbt_version": "1.12.5", "profile_name": "ai_data_engineer", "target_name": "dev", "connection_name": "list_warehouse_main"} */
select
      'warehouse' as database,
      table_name as name,
      table_schema as schema,
      CASE table_type
        WHEN 'BASE TABLE' THEN 'table'
        WHEN 'VIEW' THEN 'view'
        WHEN 'LOCAL TEMPORARY' THEN 'table'
        END as type
    from system.information_schema.tables
    where lower(table_schema) = 'main'
    and lower(table_catalog) = 'warehouse'
  
[0m15:39:46.567090 [debug] [ThreadPool]: SQL status: OK in 0.008 seconds
[0m15:39:46.569420 [debug] [ThreadPool]: On list_warehouse_main: ROLLBACK
[0m15:39:46.570526 [debug] [ThreadPool]: On list_warehouse_main: Close
[0m15:39:46.572536 [debug] [MainThread]: Sending event: {'category': 'dbt', 'action': 'runnable_timing', 'label': '7dea7193-c928-401b-bf34-67a2140721b4', 'context': [<snowplow_tracker.self_describing_json.SelfDescribingJson object at 0x73594a851490>]}
[0m15:39:46.573573 [debug] [MainThread]: Using duckdb connection "master"
[0m15:39:46.574352 [debug] [MainThread]: On master: BEGIN
[0m15:39:46.574955 [debug] [MainThread]: Opening a new connection, currently in state init
[0m15:39:46.576195 [debug] [MainThread]: SQL status: OK in 0.001 seconds
[0m15:39:46.577462 [debug] [MainThread]: On master: COMMIT
[0m15:39:46.578175 [debug] [MainThread]: Using duckdb connection "master"
[0m15:39:46.578911 [debug] [MainThread]: On master: COMMIT
[0m15:39:46.580114 [debug] [MainThread]: SQL status: OK in 0.000 seconds
[0m15:39:46.580992 [debug] [MainThread]: On master: Close
[0m15:39:46.594001 [debug] [Thread-1 (]: Began running node model.ai_data_engineer.silver_crypto
[0m15:39:46.595125 [info ] [Thread-1 (]: 1 of 2 START sql table model main.silver_crypto ................................ [RUN]
[0m15:39:46.597914 [debug] [Thread-1 (]: Re-using an available connection from the pool (formerly list_warehouse_main, now model.ai_data_engineer.silver_crypto)
[0m15:39:46.598496 [debug] [Thread-1 (]: Began compiling node model.ai_data_engineer.silver_crypto
[0m15:39:46.607187 [debug] [Thread-1 (]: Writing injected SQL for node "model.ai_data_engineer.silver_crypto"
[0m15:39:46.608172 [debug] [Thread-1 (]: Began executing node model.ai_data_engineer.silver_crypto
[0m15:39:46.644213 [debug] [Thread-1 (]: Using duckdb connection "model.ai_data_engineer.silver_crypto"
[0m15:39:46.644819 [debug] [Thread-1 (]: On model.ai_data_engineer.silver_crypto: BEGIN
[0m15:39:46.645246 [debug] [Thread-1 (]: Opening a new connection, currently in state closed
[0m15:39:46.646492 [debug] [Thread-1 (]: SQL status: OK in 0.001 seconds
[0m15:39:46.646998 [debug] [Thread-1 (]: Using duckdb connection "model.ai_data_engineer.silver_crypto"
[0m15:39:46.647447 [debug] [Thread-1 (]: On model.ai_data_engineer.silver_crypto: /* {"app": "dbt", "dbt_version": "1.12.5", "profile_name": "ai_data_engineer", "target_name": "dev", "node_id": "model.ai_data_engineer.silver_crypto"} */

        ALTER TABLE bronze_crypto ADD COLUMN IF NOT EXISTS volume_24h DOUBLE
      
[0m15:39:46.649293 [debug] [Thread-1 (]: SQL status: OK in 0.001 seconds
[0m15:39:46.684268 [debug] [Thread-1 (]: Writing runtime sql for node "model.ai_data_engineer.silver_crypto"
[0m15:39:46.688298 [debug] [Thread-1 (]: Using duckdb connection "model.ai_data_engineer.silver_crypto"
[0m15:39:46.690008 [debug] [Thread-1 (]: On model.ai_data_engineer.silver_crypto: /* {"app": "dbt", "dbt_version": "1.12.5", "profile_name": "ai_data_engineer", "target_name": "dev", "node_id": "model.ai_data_engineer.silver_crypto"} */

    

    create  table
      "warehouse"."main"."silver_crypto__dbt_tmp"
  
    
    as (
      
-- silver_crypto (v1)
-- Staging: dedupe on natural key (coin_id, snapshot_ts), cast types,
-- standardize timestamps to UTC, add surrogate key.
-- Full refresh, idempotent: re-running on the same bronze yields identical silver.
--
-- SCHEMA DRIFT CONTRACT (pre-hook above): the CoinGecko feed once renamed
-- total_volume -> volume_24h mid-day. The loader preserves both raw columns;
-- staging coalesces them so downstream never breaks.
WITH ranked AS (
    SELECT
        coin_id,
        symbol,
        name,
        TRY_CAST(current_price AS DOUBLE)              AS current_price,
        TRY_CAST(market_cap AS DOUBLE)                 AS market_cap,
        -- drift-tolerant: prefer the canonical field, fall back to the alias
        COALESCE(TRY_CAST(total_volume AS DOUBLE),
                 TRY_CAST(volume_24h AS DOUBLE))       AS total_volume,
        TRY_CAST(price_change_percentage_24h AS DOUBLE) AS price_change_percentage_24h,
        -- CoinGecko last_updated is ISO-8601 with offset; normalize to UTC.
        CAST(last_updated AS TIMESTAMPTZ) AT TIME ZONE 'UTC' AS snapshot_ts,
        vs_currency,
        _run_id,
        CAST(_ingested_at AS TIMESTAMPTZ) AT TIME ZONE 'UTC' AS ingested_at,
        ROW_NUMBER() OVER (
            PARTITION BY coin_id, CAST(last_updated AS TIMESTAMPTZ) AT TIME ZONE 'UTC'
            ORDER BY CAST(_ingested_at AS TIMESTAMPTZ) DESC
        ) AS rn
    FROM "warehouse"."main"."bronze_crypto"
)
SELECT
    md5(coin_id || '|' || CAST(snapshot_ts AS VARCHAR)) AS crypto_snapshot_sk,
    coin_id,
    symbol,
    name,
    current_price,
    market_cap,
    total_volume,
    price_change_percentage_24h,
    snapshot_ts,
    vs_currency,
    _run_id,
    ingested_at
FROM ranked
WHERE rn = 1
    );
    
  
[0m15:39:46.707967 [debug] [Thread-1 (]: SQL status: OK in 0.017 seconds
[0m15:39:46.716794 [debug] [Thread-1 (]: Using duckdb connection "model.ai_data_engineer.silver_crypto"
[0m15:39:46.718132 [debug] [Thread-1 (]: On model.ai_data_engineer.silver_crypto: /* {"app": "dbt", "dbt_version": "1.12.5", "profile_name": "ai_data_engineer", "target_name": "dev", "node_id": "model.ai_data_engineer.silver_crypto"} */
alter table "warehouse"."main"."silver_crypto__dbt_tmp" rename to "silver_crypto"
[0m15:39:46.721780 [debug] [Thread-1 (]: SQL status: OK in 0.003 seconds
[0m15:39:46.750625 [debug] [Thread-1 (]: On model.ai_data_engineer.silver_crypto: COMMIT
[0m15:39:46.751297 [debug] [Thread-1 (]: Using duckdb connection "model.ai_data_engineer.silver_crypto"
[0m15:39:46.751877 [debug] [Thread-1 (]: On model.ai_data_engineer.silver_crypto: COMMIT
[0m15:39:46.778976 [debug] [Thread-1 (]: SQL status: OK in 0.027 seconds
[0m15:39:46.787824 [debug] [Thread-1 (]: Using duckdb connection "model.ai_data_engineer.silver_crypto"
[0m15:39:46.788454 [debug] [Thread-1 (]: On model.ai_data_engineer.silver_crypto: /* {"app": "dbt", "dbt_version": "1.12.5", "profile_name": "ai_data_engineer", "target_name": "dev", "node_id": "model.ai_data_engineer.silver_crypto"} */

      drop table if exists "warehouse"."main"."silver_crypto__dbt_backup" cascade
    
[0m15:39:46.789717 [debug] [Thread-1 (]: SQL status: OK in 0.001 seconds
[0m15:39:46.793029 [debug] [Thread-1 (]: On model.ai_data_engineer.silver_crypto: Close
[0m15:39:46.795388 [debug] [Thread-1 (]: Sending event: {'category': 'dbt', 'action': 'run_model', 'label': '7dea7193-c928-401b-bf34-67a2140721b4', 'context': [<snowplow_tracker.self_describing_json.SelfDescribingJson object at 0x73594bab8440>]}
[0m15:39:46.796296 [info ] [Thread-1 (]: 1 of 2 OK created sql table model main.silver_crypto ........................... [[32mOK[0m in 0.20s]
[0m15:39:46.797034 [debug] [Thread-1 (]: Finished running node model.ai_data_engineer.silver_crypto
[0m15:39:46.797980 [debug] [Thread-1 (]: Began running node model.ai_data_engineer.silver_weather
[0m15:39:46.798620 [info ] [Thread-1 (]: 2 of 2 START sql table model main.silver_weather ............................... [RUN]
[0m15:39:46.799491 [debug] [Thread-1 (]: Re-using an available connection from the pool (formerly model.ai_data_engineer.silver_crypto, now model.ai_data_engineer.silver_weather)
[0m15:39:46.799945 [debug] [Thread-1 (]: Began compiling node model.ai_data_engineer.silver_weather
[0m15:39:46.803256 [debug] [Thread-1 (]: Writing injected SQL for node "model.ai_data_engineer.silver_weather"
[0m15:39:46.804151 [debug] [Thread-1 (]: Began executing node model.ai_data_engineer.silver_weather
[0m15:39:46.808748 [debug] [Thread-1 (]: Writing runtime sql for node "model.ai_data_engineer.silver_weather"
[0m15:39:46.809593 [debug] [Thread-1 (]: Using duckdb connection "model.ai_data_engineer.silver_weather"
[0m15:39:46.810100 [debug] [Thread-1 (]: On model.ai_data_engineer.silver_weather: BEGIN
[0m15:39:46.810535 [debug] [Thread-1 (]: Opening a new connection, currently in state closed
[0m15:39:46.811485 [debug] [Thread-1 (]: SQL status: OK in 0.001 seconds
[0m15:39:46.811944 [debug] [Thread-1 (]: Using duckdb connection "model.ai_data_engineer.silver_weather"
[0m15:39:46.812392 [debug] [Thread-1 (]: On model.ai_data_engineer.silver_weather: /* {"app": "dbt", "dbt_version": "1.12.5", "profile_name": "ai_data_engineer", "target_name": "dev", "node_id": "model.ai_data_engineer.silver_weather"} */

    

    create  table
      "warehouse"."main"."silver_weather__dbt_tmp"
  
    
    as (
      
-- silver_weather (v1)
-- Staging: dedupe on natural key (city, hour_ts), cast types,
-- add surrogate key. Open-Meteo already returns UTC hourly grain.
-- Full refresh, idempotent.
WITH ranked AS (
    SELECT
        city,
        TRY_CAST(latitude AS DOUBLE)  AS latitude,
        TRY_CAST(longitude AS DOUBLE) AS longitude,
        CAST(hour_ts AS TIMESTAMP)    AS hour_ts,   -- already UTC ISO
        TRY_CAST(temperature_2m AS DOUBLE) AS temperature_2m,
        _run_id,
        CAST(_ingested_at AS TIMESTAMPTZ) AT TIME ZONE 'UTC' AS ingested_at,
        ROW_NUMBER() OVER (
            PARTITION BY city, CAST(hour_ts AS TIMESTAMP)
            ORDER BY CAST(_ingested_at AS TIMESTAMPTZ) DESC
        ) AS rn
    FROM "warehouse"."main"."bronze_weather"
)
SELECT
    md5(city || '|' || CAST(hour_ts AS VARCHAR)) AS weather_hour_sk,
    city,
    latitude,
    longitude,
    hour_ts,
    temperature_2m,
    _run_id,
    ingested_at
FROM ranked
WHERE rn = 1
    );
    
  
[0m15:39:46.822435 [debug] [Thread-1 (]: SQL status: OK in 0.009 seconds
[0m15:39:46.825578 [debug] [Thread-1 (]: Using duckdb connection "model.ai_data_engineer.silver_weather"
[0m15:39:46.826097 [debug] [Thread-1 (]: On model.ai_data_engineer.silver_weather: /* {"app": "dbt", "dbt_version": "1.12.5", "profile_name": "ai_data_engineer", "target_name": "dev", "node_id": "model.ai_data_engineer.silver_weather"} */
alter table "warehouse"."main"."silver_weather__dbt_tmp" rename to "silver_weather"
[0m15:39:46.827483 [debug] [Thread-1 (]: SQL status: OK in 0.001 seconds
[0m15:39:46.829676 [debug] [Thread-1 (]: On model.ai_data_engineer.silver_weather: COMMIT
[0m15:39:46.830143 [debug] [Thread-1 (]: Using duckdb connection "model.ai_data_engineer.silver_weather"
[0m15:39:46.830579 [debug] [Thread-1 (]: On model.ai_data_engineer.silver_weather: COMMIT
[0m15:39:46.858853 [debug] [Thread-1 (]: SQL status: OK in 0.028 seconds
[0m15:39:46.861758 [debug] [Thread-1 (]: Using duckdb connection "model.ai_data_engineer.silver_weather"
[0m15:39:46.862277 [debug] [Thread-1 (]: On model.ai_data_engineer.silver_weather: /* {"app": "dbt", "dbt_version": "1.12.5", "profile_name": "ai_data_engineer", "target_name": "dev", "node_id": "model.ai_data_engineer.silver_weather"} */

      drop table if exists "warehouse"."main"."silver_weather__dbt_backup" cascade
    
[0m15:39:46.863428 [debug] [Thread-1 (]: SQL status: OK in 0.001 seconds
[0m15:39:46.865370 [debug] [Thread-1 (]: On model.ai_data_engineer.silver_weather: Close
[0m15:39:46.866182 [debug] [Thread-1 (]: Sending event: {'category': 'dbt', 'action': 'run_model', 'label': '7dea7193-c928-401b-bf34-67a2140721b4', 'context': [<snowplow_tracker.self_describing_json.SelfDescribingJson object at 0x73594b32eb70>]}
[0m15:39:46.867138 [info ] [Thread-1 (]: 2 of 2 OK created sql table model main.silver_weather .......................... [[32mOK[0m in 0.07s]
[0m15:39:46.867857 [debug] [Thread-1 (]: Finished running node model.ai_data_engineer.silver_weather
[0m15:39:46.870395 [debug] [MainThread]: Using duckdb connection "master"
[0m15:39:46.871018 [debug] [MainThread]: On master: BEGIN
[0m15:39:46.871464 [debug] [MainThread]: Opening a new connection, currently in state closed
[0m15:39:46.872451 [debug] [MainThread]: SQL status: OK in 0.001 seconds
[0m15:39:46.873022 [debug] [MainThread]: On master: COMMIT
[0m15:39:46.873423 [debug] [MainThread]: Using duckdb connection "master"
[0m15:39:46.873760 [debug] [MainThread]: On master: COMMIT
[0m15:39:46.874442 [debug] [MainThread]: SQL status: OK in 0.000 seconds
[0m15:39:46.874946 [debug] [MainThread]: On master: Close
[0m15:39:46.875548 [debug] [MainThread]: Connection 'master' was properly closed.
[0m15:39:46.875886 [debug] [MainThread]: Connection 'create_warehouse_main' was properly closed.
[0m15:39:46.876164 [debug] [MainThread]: Connection 'model.ai_data_engineer.silver_weather' was properly closed.
[0m15:39:46.876612 [info ] [MainThread]: 
[0m15:39:46.877080 [info ] [MainThread]: Finished running 2 table models in 0 hours 0 minutes and 0.46 seconds (0.46s).
[0m15:39:46.878010 [debug] [MainThread]: Command end result
[0m15:39:46.921955 [debug] [MainThread]: Wrote artifact WritableManifest to ./target/manifest.json
[0m15:39:46.925640 [debug] [MainThread]: Wrote artifact SemanticManifest to ./target/semantic_manifest.json
[0m15:39:46.928936 [debug] [MainThread]: Wrote artifact OsiDocument to ./target/osi_document.json
[0m15:39:46.937560 [debug] [MainThread]: Wrote artifact RunExecutionResult to ./target/run_results.json
[0m15:39:46.938112 [info ] [MainThread]: 
[0m15:39:46.938624 [info ] [MainThread]: [32mCompleted successfully[0m
[0m15:39:46.939041 [info ] [MainThread]: 
[0m15:39:46.939464 [info ] [MainThread]: Done. PASS=2 WARN=0 ERROR=0 SKIP=0 NO-OP=0 REUSED=0 TOTAL=2
[0m15:39:46.940742 [debug] [MainThread]: Resource report: {"command_name": "build", "command_success": true, "command_wall_clock_time": 2.9708242, "process_in_blocks": "144", "process_kernel_time": 0.297341, "process_mem_max_rss": "175056", "process_out_blocks": "4176", "process_user_time": 4.538299}
[0m15:39:46.941408 [debug] [MainThread]: Command `dbt build` succeeded at 15:39:46.941268 after 2.97 seconds
[0m15:39:46.941871 [debug] [MainThread]: Sending event: {'category': 'dbt', 'action': 'invocation', 'label': 'end', 'context': [<snowplow_tracker.self_describing_json.SelfDescribingJson object at 0x735951211310>, <snowplow_tracker.self_describing_json.SelfDescribingJson object at 0x735951211580>, <snowplow_tracker.self_describing_json.SelfDescribingJson object at 0x735951210e60>]}
[0m15:39:46.942372 [debug] [MainThread]: Flushing usage events
[0m15:39:47.508752 [debug] [MainThread]: An error was encountered while trying to flush usage events
[0m15:39:53.368444 [debug] [MainThread]: Sending event: {'category': 'dbt', 'action': 'invocation', 'label': 'start', 'context': [<snowplow_tracker.self_describing_json.SelfDescribingJson object at 0x774e42fd4800>, <snowplow_tracker.self_describing_json.SelfDescribingJson object at 0x774e42791be0>, <snowplow_tracker.self_describing_json.SelfDescribingJson object at 0x774e42790620>]}


============================== 15:39:53.373923 | d61a400e-0e98-4fe0-afe9-cd68ade4acf6 ==============================
[0m15:39:53.373923 [info ] [MainThread]: Running with dbt=1.12.5
[0m15:39:53.374730 [debug] [MainThread]: running dbt with arguments {'quiet': 'False', 'log_format': 'default', 'warn_error': 'None', 'version_check': 'True', 'hints_enabled': 'True', 'target_path': 'None', 'fail_fast': 'False', 'printer_width': '80', 'debug': 'False', 'maximum_seed_size_mib': '1', 'use_colors': 'True', 'profiles_dir': '.', 'indirect_selection': 'eager', 'send_anonymous_usage_stats': 'True', 'invocation_command': 'dbt build --select tag:gold --project-dir . --profiles-dir .', 'partial_parse': 'True', 'log_cache_events': 'False', 'warn_error_options': 'WarnErrorOptionsV2(error=[], warn=[], silence=[])', 'static_parser': 'True', 'no_print': 'None', 'cache_selected_only': 'False', 'empty': 'False', 'introspect': 'True', 'log_path': 'logs', 'write_json': 'True', 'use_experimental_parser': 'False'}
[0m15:39:53.665549 [debug] [MainThread]: Sending event: {'category': 'dbt', 'action': 'project_id', 'label': 'd61a400e-0e98-4fe0-afe9-cd68ade4acf6', 'context': [<snowplow_tracker.self_describing_json.SelfDescribingJson object at 0x774e44ac1ac0>]}
[0m15:39:53.761845 [debug] [MainThread]: Sending event: {'category': 'dbt', 'action': 'adapter_info', 'label': 'd61a400e-0e98-4fe0-afe9-cd68ade4acf6', 'context': [<snowplow_tracker.self_describing_json.SelfDescribingJson object at 0x774e41bdf9e0>]}
[0m15:39:53.766190 [info ] [MainThread]: Registered adapter: duckdb=1.11.0
[0m15:39:53.875240 [debug] [MainThread]: checksum: 14f0a8ae585d54b9c5b9cbf5af4069f390387b877109f247078c6a56c7c26b8a, vars: {}, profile: ai_data_engineer, target: dev, version: 1.12.5
[0m15:39:54.018422 [debug] [MainThread]: Partial parsing enabled: 0 files deleted, 0 files added, 0 files changed.
[0m15:39:54.019032 [debug] [MainThread]: Nothing changed, skipping partial parsing.
[0m15:39:54.019480 [debug] [MainThread]: Partial parsing enabled, no changes found, skipping parsing
[0m15:39:54.033963 [debug] [MainThread]: Sending event: {'category': 'dbt', 'action': 'load_project', 'label': 'd61a400e-0e98-4fe0-afe9-cd68ade4acf6', 'context': [<snowplow_tracker.self_describing_json.SelfDescribingJson object at 0x774e3cc9e990>]}
[0m15:39:54.187271 [debug] [MainThread]: Wrote artifact WritableManifest to ./target/manifest.json
[0m15:39:54.190931 [debug] [MainThread]: Wrote artifact SemanticManifest to ./target/semantic_manifest.json
[0m15:39:54.207918 [debug] [MainThread]: Wrote artifact OsiDocument to ./target/osi_document.json
[0m15:39:54.233674 [debug] [MainThread]: Sending event: {'category': 'dbt', 'action': 'resource_counts', 'label': 'd61a400e-0e98-4fe0-afe9-cd68ade4acf6', 'context': [<snowplow_tracker.self_describing_json.SelfDescribingJson object at 0x774e3c5dec60>]}
[0m15:39:54.234429 [info ] [MainThread]: Found 4 models, 2 sources, 500 macros
[0m15:39:54.236968 [info ] [MainThread]: 
[0m15:39:54.237605 [info ] [MainThread]: Concurrency: 1 threads (target='dev')
[0m15:39:54.237997 [info ] [MainThread]: 
[0m15:39:54.238718 [debug] [MainThread]: Acquiring new duckdb connection 'master'
[0m15:39:54.245630 [debug] [ThreadPool]: Acquiring new duckdb connection 'list_warehouse'
[0m15:39:54.398032 [debug] [ThreadPool]: Using duckdb connection "list_warehouse"
[0m15:39:54.398751 [debug] [ThreadPool]: On list_warehouse: /* {"app": "dbt", "dbt_version": "1.12.5", "profile_name": "ai_data_engineer", "target_name": "dev", "connection_name": "list_warehouse"} */

    
    select schema_name
    from system.information_schema.schemata
    
    where lower(catalog_name) = '"warehouse"'
    
  
  
[0m15:39:54.399199 [debug] [ThreadPool]: Opening a new connection, currently in state init
[0m15:39:54.420369 [debug] [ThreadPool]: SQL status: OK in 0.021 seconds
[0m15:39:54.422242 [debug] [ThreadPool]: On list_warehouse: Close
[0m15:39:54.423453 [debug] [ThreadPool]: Re-using an available connection from the pool (formerly list_warehouse, now create_warehouse_main)
[0m15:39:54.424093 [debug] [ThreadPool]: Creating schema "database: "warehouse"
schema: "main"
"
[0m15:39:54.434832 [debug] [ThreadPool]: Using duckdb connection "create_warehouse_main"
[0m15:39:54.435415 [debug] [ThreadPool]: On create_warehouse_main: /* {"app": "dbt", "dbt_version": "1.12.5", "profile_name": "ai_data_engineer", "target_name": "dev", "connection_name": "create_warehouse_main"} */

    
        select type from duckdb_databases()
        where lower(database_name)='warehouse'
        and type != 'duckdb'
    
  
[0m15:39:54.435785 [debug] [ThreadPool]: Opening a new connection, currently in state closed
[0m15:39:54.437420 [debug] [ThreadPool]: SQL status: OK in 0.002 seconds
[0m15:39:54.439138 [debug] [ThreadPool]: Using duckdb connection "create_warehouse_main"
[0m15:39:54.439639 [debug] [ThreadPool]: On create_warehouse_main: BEGIN
[0m15:39:54.440361 [debug] [ThreadPool]: SQL status: OK in 0.000 seconds
[0m15:39:54.440765 [debug] [ThreadPool]: Using duckdb connection "create_warehouse_main"
[0m15:39:54.441087 [debug] [ThreadPool]: On create_warehouse_main: /* {"app": "dbt", "dbt_version": "1.12.5", "profile_name": "ai_data_engineer", "target_name": "dev", "connection_name": "create_warehouse_main"} */

    
    
        create schema if not exists "warehouse"."main"
    
[0m15:39:54.441833 [debug] [ThreadPool]: SQL status: OK in 0.000 seconds
[0m15:39:54.442918 [debug] [ThreadPool]: On create_warehouse_main: COMMIT
[0m15:39:54.443365 [debug] [ThreadPool]: Using duckdb connection "create_warehouse_main"
[0m15:39:54.443681 [debug] [ThreadPool]: On create_warehouse_main: COMMIT
[0m15:39:54.444290 [debug] [ThreadPool]: SQL status: OK in 0.000 seconds
[0m15:39:54.444712 [debug] [ThreadPool]: On create_warehouse_main: Close
[0m15:39:54.447205 [debug] [ThreadPool]: Re-using an available connection from the pool (formerly create_warehouse_main, now list_warehouse_main)
[0m15:39:54.454798 [debug] [ThreadPool]: Using duckdb connection "list_warehouse_main"
[0m15:39:54.455403 [debug] [ThreadPool]: On list_warehouse_main: BEGIN
[0m15:39:54.455818 [debug] [ThreadPool]: Opening a new connection, currently in state closed
[0m15:39:54.456972 [debug] [ThreadPool]: SQL status: OK in 0.001 seconds
[0m15:39:54.457468 [debug] [ThreadPool]: Using duckdb connection "list_warehouse_main"
[0m15:39:54.457867 [debug] [ThreadPool]: On list_warehouse_main: /* {"app": "dbt", "dbt_version": "1.12.5", "profile_name": "ai_data_engineer", "target_name": "dev", "connection_name": "list_warehouse_main"} */
select
      'warehouse' as database,
      table_name as name,
      table_schema as schema,
      CASE table_type
        WHEN 'BASE TABLE' THEN 'table'
        WHEN 'VIEW' THEN 'view'
        WHEN 'LOCAL TEMPORARY' THEN 'table'
        END as type
    from system.information_schema.tables
    where lower(table_schema) = 'main'
    and lower(table_catalog) = 'warehouse'
  
[0m15:39:54.462796 [debug] [ThreadPool]: SQL status: OK in 0.004 seconds
[0m15:39:54.464933 [debug] [ThreadPool]: On list_warehouse_main: ROLLBACK
[0m15:39:54.465899 [debug] [ThreadPool]: On list_warehouse_main: Close
[0m15:39:54.468005 [debug] [MainThread]: Sending event: {'category': 'dbt', 'action': 'runnable_timing', 'label': 'd61a400e-0e98-4fe0-afe9-cd68ade4acf6', 'context': [<snowplow_tracker.self_describing_json.SelfDescribingJson object at 0x774e41a7cec0>]}
[0m15:39:54.468907 [debug] [MainThread]: Using duckdb connection "master"
[0m15:39:54.469568 [debug] [MainThread]: On master: BEGIN
[0m15:39:54.469903 [debug] [MainThread]: Opening a new connection, currently in state init
[0m15:39:54.470932 [debug] [MainThread]: SQL status: OK in 0.001 seconds
[0m15:39:54.471416 [debug] [MainThread]: On master: COMMIT
[0m15:39:54.471745 [debug] [MainThread]: Using duckdb connection "master"
[0m15:39:54.472052 [debug] [MainThread]: On master: COMMIT
[0m15:39:54.472639 [debug] [MainThread]: SQL status: OK in 0.000 seconds
[0m15:39:54.473019 [debug] [MainThread]: On master: Close
[0m15:39:54.476618 [debug] [Thread-1 (]: Began running node model.ai_data_engineer.gold_crypto_daily
[0m15:39:54.477440 [info ] [Thread-1 (]: 1 of 2 START sql table model main.gold_crypto_daily ............................ [RUN]
[0m15:39:54.478036 [debug] [Thread-1 (]: Re-using an available connection from the pool (formerly list_warehouse_main, now model.ai_data_engineer.gold_crypto_daily)
[0m15:39:54.478520 [debug] [Thread-1 (]: Began compiling node model.ai_data_engineer.gold_crypto_daily
[0m15:39:54.487637 [debug] [Thread-1 (]: Writing injected SQL for node "model.ai_data_engineer.gold_crypto_daily"
[0m15:39:54.488555 [debug] [Thread-1 (]: Began executing node model.ai_data_engineer.gold_crypto_daily
[0m15:39:54.555202 [debug] [Thread-1 (]: Writing runtime sql for node "model.ai_data_engineer.gold_crypto_daily"
[0m15:39:54.556368 [debug] [Thread-1 (]: Using duckdb connection "model.ai_data_engineer.gold_crypto_daily"
[0m15:39:54.556879 [debug] [Thread-1 (]: On model.ai_data_engineer.gold_crypto_daily: BEGIN
[0m15:39:54.557329 [debug] [Thread-1 (]: Opening a new connection, currently in state closed
[0m15:39:54.558639 [debug] [Thread-1 (]: SQL status: OK in 0.001 seconds
[0m15:39:54.559128 [debug] [Thread-1 (]: Using duckdb connection "model.ai_data_engineer.gold_crypto_daily"
[0m15:39:54.559638 [debug] [Thread-1 (]: On model.ai_data_engineer.gold_crypto_daily: /* {"app": "dbt", "dbt_version": "1.12.5", "profile_name": "ai_data_engineer", "target_name": "dev", "node_id": "model.ai_data_engineer.gold_crypto_daily"} */

    

    create  table
      "warehouse"."main"."gold_crypto_daily__dbt_tmp"
  
    
    as (
      
-- gold_crypto_daily (v1)
-- Mart: one row per coin per day. OHLC approximated from intra-day snapshots
-- (ingest runs every ~6h, so 2-4 snapshots/day): open = first snapshot price,
-- close = last snapshot price, high/low = min/max.
-- Grain key: (coin_id, market_date). Idempotent full refresh.
WITH ordered AS (
    SELECT
        coin_id,
        symbol,
        name,
        CAST(snapshot_ts AS DATE) AS market_date,
        snapshot_ts,
        current_price,
        market_cap,
        total_volume,
        price_change_percentage_24h,
        ROW_NUMBER() OVER (PARTITION BY coin_id, CAST(snapshot_ts AS DATE)
                           ORDER BY snapshot_ts ASC)  AS rn_asc,
        ROW_NUMBER() OVER (PARTITION BY coin_id, CAST(snapshot_ts AS DATE)
                           ORDER BY snapshot_ts DESC) AS rn_desc
    FROM "warehouse"."main"."silver_crypto"
),
agg AS (
    SELECT
        coin_id,
        market_date,
        MAX(symbol) AS symbol,
        MAX(name)   AS coin_name,
        COUNT(*)    AS snapshot_count,
        MIN(current_price) AS low_price,
        MAX(current_price) AS high_price,
        AVG(current_price) AS avg_price,
        AVG(total_volume)  AS avg_volume,
        AVG(market_cap)    AS avg_market_cap,
        MAX(ingested_at)   AS last_ingested_at
    FROM "warehouse"."main"."silver_crypto"
    GROUP BY coin_id, CAST(snapshot_ts AS DATE)
)
SELECT
    md5(a.coin_id || '|' || CAST(a.market_date AS VARCHAR)) AS crypto_daily_sk,
    a.coin_id,
    a.symbol,
    a.coin_name,
    a.market_date,
    o_open.current_price  AS open_price,
    o_close.current_price AS close_price,
    a.low_price,
    a.high_price,
    a.avg_price,
    a.avg_volume,
    a.avg_market_cap,
    o_close.price_change_percentage_24h AS change_24h_pct,
    a.snapshot_count,
    a.last_ingested_at
FROM agg a
LEFT JOIN ordered o_open
  ON o_open.coin_id = a.coin_id
 AND CAST(o_open.snapshot_ts AS DATE) = a.market_date
 AND o_open.rn_asc = 1
LEFT JOIN ordered o_close
  ON o_close.coin_id = a.coin_id
 AND CAST(o_close.snapshot_ts AS DATE) = a.market_date
 AND o_close.rn_desc = 1
    );
    
  
[0m15:39:54.561827 [debug] [Thread-1 (]: DuckDB adapter: duckdb error: Binder Error: Referenced column "market_date" not found in FROM clause!
Candidate bindings: "market_cap", "ingested_at", "current_price", "snapshot_ts", "_run_id"

LINE 36:         market_date,
                 ^
[0m15:39:54.562527 [debug] [Thread-1 (]: DuckDB adapter: Error running SQL: /* {"app": "dbt", "dbt_version": "1.12.5", "profile_name": "ai_data_engineer", "target_name": "dev", "node_id": "model.ai_data_engineer.gold_crypto_daily"} */

    

    create  table
      "warehouse"."main"."gold_crypto_daily__dbt_tmp"
  
    
    as (
      
-- gold_crypto_daily (v1)
-- Mart: one row per coin per day. OHLC approximated from intra-day snapshots
-- (ingest runs every ~6h, so 2-4 snapshots/day): open = first snapshot price,
-- close = last snapshot price, high/low = min/max.
-- Grain key: (coin_id, market_date). Idempotent full refresh.
WITH ordered AS (
    SELECT
        coin_id,
        symbol,
        name,
        CAST(snapshot_ts AS DATE) AS market_date,
        snapshot_ts,
        current_price,
        market_cap,
        total_volume,
        price_change_percentage_24h,
        ROW_NUMBER() OVER (PARTITION BY coin_id, CAST(snapshot_ts AS DATE)
                           ORDER BY snapshot_ts ASC)  AS rn_asc,
        ROW_NUMBER() OVER (PARTITION BY coin_id, CAST(snapshot_ts AS DATE)
                           ORDER BY snapshot_ts DESC) AS rn_desc
    FROM "warehouse"."main"."silver_crypto"
),
agg AS (
    SELECT
        coin_id,
        market_date,
        MAX(symbol) AS symbol,
        MAX(name)   AS coin_name,
        COUNT(*)    AS snapshot_count,
        MIN(current_price) AS low_price,
        MAX(current_price) AS high_price,
        AVG(current_price) AS avg_price,
        AVG(total_volume)  AS avg_volume,
        AVG(market_cap)    AS avg_market_cap,
        MAX(ingested_at)   AS last_ingested_at
    FROM "warehouse"."main"."silver_crypto"
    GROUP BY coin_id, CAST(snapshot_ts AS DATE)
)
SELECT
    md5(a.coin_id || '|' || CAST(a.market_date AS VARCHAR)) AS crypto_daily_sk,
    a.coin_id,
    a.symbol,
    a.coin_name,
    a.market_date,
    o_open.current_price  AS open_price,
    o_close.current_price AS close_price,
    a.low_price,
    a.high_price,
    a.avg_price,
    a.avg_volume,
    a.avg_market_cap,
    o_close.price_change_percentage_24h AS change_24h_pct,
    a.snapshot_count,
    a.last_ingested_at
FROM agg a
LEFT JOIN ordered o_open
  ON o_open.coin_id = a.coin_id
 AND CAST(o_open.snapshot_ts AS DATE) = a.market_date
 AND o_open.rn_asc = 1
LEFT JOIN ordered o_close
  ON o_close.coin_id = a.coin_id
 AND CAST(o_close.snapshot_ts AS DATE) = a.market_date
 AND o_close.rn_desc = 1
    );
    
  
[0m15:39:54.562991 [debug] [Thread-1 (]: DuckDB adapter: Rolling back transaction.
[0m15:39:54.563404 [debug] [Thread-1 (]: On model.ai_data_engineer.gold_crypto_daily: ROLLBACK
[0m15:39:54.565810 [debug] [Thread-1 (]: On model.ai_data_engineer.gold_crypto_daily: Close
[0m15:39:54.570620 [debug] [Thread-1 (]: Runtime Error in model gold_crypto_daily (models/gold/gold_crypto_daily.sql)
  Binder Error: Referenced column "market_date" not found in FROM clause!
  Candidate bindings: "market_cap", "ingested_at", "current_price", "snapshot_ts", "_run_id"
  
  LINE 36:         market_date,
                   ^
[0m15:39:54.572959 [debug] [Thread-1 (]: Sending event: {'category': 'dbt', 'action': 'run_model', 'label': 'd61a400e-0e98-4fe0-afe9-cd68ade4acf6', 'context': [<snowplow_tracker.self_describing_json.SelfDescribingJson object at 0x774e4300ab40>]}
[0m15:39:54.574065 [error] [Thread-1 (]: 1 of 2 ERROR creating sql table model main.gold_crypto_daily ................... [[31mERROR[0m in 0.09s]
[0m15:39:54.574883 [debug] [Thread-1 (]: Finished running node model.ai_data_engineer.gold_crypto_daily
[0m15:39:54.575442 [debug] [Thread-1 (]: Began running node model.ai_data_engineer.gold_weather_hourly
[0m15:39:54.576359 [debug] [Thread-4 (]: Marking all children of 'model.ai_data_engineer.gold_crypto_daily' to be skipped because of status 'error'.  Reason: Runtime Error in model gold_crypto_daily (models/gold/gold_crypto_daily.sql)
  Binder Error: Referenced column "market_date" not found in FROM clause!
  Candidate bindings: "market_cap", "ingested_at", "current_price", "snapshot_ts", "_run_id"
  
  LINE 36:         market_date,
                   ^.
[0m15:39:54.577210 [info ] [Thread-1 (]: 2 of 2 START sql table model main.gold_weather_hourly .......................... [RUN]
[0m15:39:54.578793 [debug] [Thread-1 (]: Re-using an available connection from the pool (formerly model.ai_data_engineer.gold_crypto_daily, now model.ai_data_engineer.gold_weather_hourly)
[0m15:39:54.579355 [debug] [Thread-1 (]: Began compiling node model.ai_data_engineer.gold_weather_hourly
[0m15:39:54.582715 [debug] [Thread-1 (]: Writing injected SQL for node "model.ai_data_engineer.gold_weather_hourly"
[0m15:39:54.583506 [debug] [Thread-1 (]: Began executing node model.ai_data_engineer.gold_weather_hourly
[0m15:39:54.587600 [debug] [Thread-1 (]: Writing runtime sql for node "model.ai_data_engineer.gold_weather_hourly"
[0m15:39:54.588420 [debug] [Thread-1 (]: Using duckdb connection "model.ai_data_engineer.gold_weather_hourly"
[0m15:39:54.588865 [debug] [Thread-1 (]: On model.ai_data_engineer.gold_weather_hourly: BEGIN
[0m15:39:54.589265 [debug] [Thread-1 (]: Opening a new connection, currently in state closed
[0m15:39:54.590135 [debug] [Thread-1 (]: SQL status: OK in 0.001 seconds
[0m15:39:54.590661 [debug] [Thread-1 (]: Using duckdb connection "model.ai_data_engineer.gold_weather_hourly"
[0m15:39:54.591051 [debug] [Thread-1 (]: On model.ai_data_engineer.gold_weather_hourly: /* {"app": "dbt", "dbt_version": "1.12.5", "profile_name": "ai_data_engineer", "target_name": "dev", "node_id": "model.ai_data_engineer.gold_weather_hourly"} */

    

    create  table
      "warehouse"."main"."gold_weather_hourly__dbt_tmp"
  
    
    as (
      
-- gold_weather_hourly (v1)
-- Mart: one row per city per hour (latest observation wins on re-delivery).
-- Enriched with the city's daily min/max for context.
-- Grain key: (city, hour_ts). Idempotent full refresh.
WITH daily AS (
    SELECT
        city,
        CAST(hour_ts AS DATE) AS weather_date,
        MIN(temperature_2m) AS day_min_temp_c,
        MAX(temperature_2m) AS day_max_temp_c
    FROM "warehouse"."main"."silver_weather"
    GROUP BY city, CAST(hour_ts AS DATE)
)
SELECT
    s.weather_hour_sk,
    s.city,
    s.hour_ts,
    s.temperature_2m AS temp_c,
    d.day_min_temp_c,
    d.day_max_temp_c,
    s.latitude,
    s.longitude,
    s._run_id AS source_run_id,
    s.ingested_at
FROM "warehouse"."main"."silver_weather" s
JOIN daily d
  ON d.city = s.city
 AND d.weather_date = CAST(s.hour_ts AS DATE)
    );
    
  
[0m15:39:54.602997 [debug] [Thread-1 (]: SQL status: OK in 0.011 seconds
[0m15:39:54.610362 [debug] [Thread-1 (]: Using duckdb connection "model.ai_data_engineer.gold_weather_hourly"
[0m15:39:54.610905 [debug] [Thread-1 (]: On model.ai_data_engineer.gold_weather_hourly: /* {"app": "dbt", "dbt_version": "1.12.5", "profile_name": "ai_data_engineer", "target_name": "dev", "node_id": "model.ai_data_engineer.gold_weather_hourly"} */
alter table "warehouse"."main"."gold_weather_hourly__dbt_tmp" rename to "gold_weather_hourly"
[0m15:39:54.611933 [debug] [Thread-1 (]: SQL status: OK in 0.001 seconds
[0m15:39:54.632810 [debug] [Thread-1 (]: On model.ai_data_engineer.gold_weather_hourly: COMMIT
[0m15:39:54.633501 [debug] [Thread-1 (]: Using duckdb connection "model.ai_data_engineer.gold_weather_hourly"
[0m15:39:54.633970 [debug] [Thread-1 (]: On model.ai_data_engineer.gold_weather_hourly: COMMIT
[0m15:39:54.657622 [debug] [Thread-1 (]: SQL status: OK in 0.023 seconds
[0m15:39:54.665247 [debug] [Thread-1 (]: Using duckdb connection "model.ai_data_engineer.gold_weather_hourly"
[0m15:39:54.665870 [debug] [Thread-1 (]: On model.ai_data_engineer.gold_weather_hourly: /* {"app": "dbt", "dbt_version": "1.12.5", "profile_name": "ai_data_engineer", "target_name": "dev", "node_id": "model.ai_data_engineer.gold_weather_hourly"} */

      drop table if exists "warehouse"."main"."gold_weather_hourly__dbt_backup" cascade
    
[0m15:39:54.667141 [debug] [Thread-1 (]: SQL status: OK in 0.001 seconds
[0m15:39:54.670512 [debug] [Thread-1 (]: On model.ai_data_engineer.gold_weather_hourly: Close
[0m15:39:54.671429 [debug] [Thread-1 (]: Sending event: {'category': 'dbt', 'action': 'run_model', 'label': 'd61a400e-0e98-4fe0-afe9-cd68ade4acf6', 'context': [<snowplow_tracker.self_describing_json.SelfDescribingJson object at 0x774e44ac0bc0>]}
[0m15:39:54.672273 [info ] [Thread-1 (]: 2 of 2 OK created sql table model main.gold_weather_hourly ..................... [[32mOK[0m in 0.09s]
[0m15:39:54.672978 [debug] [Thread-1 (]: Finished running node model.ai_data_engineer.gold_weather_hourly
[0m15:39:54.675371 [debug] [MainThread]: Using duckdb connection "master"
[0m15:39:54.675946 [debug] [MainThread]: On master: BEGIN
[0m15:39:54.677002 [debug] [MainThread]: Opening a new connection, currently in state closed
[0m15:39:54.678249 [debug] [MainThread]: SQL status: OK in 0.001 seconds
[0m15:39:54.679047 [debug] [MainThread]: On master: COMMIT
[0m15:39:54.679761 [debug] [MainThread]: Using duckdb connection "master"
[0m15:39:54.680400 [debug] [MainThread]: On master: COMMIT
[0m15:39:54.681350 [debug] [MainThread]: SQL status: OK in 0.000 seconds
[0m15:39:54.682064 [debug] [MainThread]: On master: Close
[0m15:39:54.682741 [debug] [MainThread]: Connection 'master' was properly closed.
[0m15:39:54.683192 [debug] [MainThread]: Connection 'model.ai_data_engineer.gold_weather_hourly' was properly closed.
[0m15:39:54.683678 [info ] [MainThread]: 
[0m15:39:54.684123 [info ] [MainThread]: Finished running 2 table models in 0 hours 0 minutes and 0.45 seconds (0.45s).
[0m15:39:54.685193 [debug] [MainThread]: Command end result
[0m15:39:54.739600 [debug] [MainThread]: Wrote artifact WritableManifest to ./target/manifest.json
[0m15:39:54.743870 [debug] [MainThread]: Wrote artifact SemanticManifest to ./target/semantic_manifest.json
[0m15:39:54.747824 [debug] [MainThread]: Wrote artifact OsiDocument to ./target/osi_document.json
[0m15:39:54.760086 [debug] [MainThread]: Wrote artifact RunExecutionResult to ./target/run_results.json
[0m15:39:54.760664 [info ] [MainThread]: 
[0m15:39:54.761113 [info ] [MainThread]: [31mCompleted with 1 error, 0 partial successes, and 0 warnings:[0m
[0m15:39:54.761538 [info ] [MainThread]: 
[0m15:39:54.761949 [error] [MainThread]: [[31mERROR[0m]: in model gold_crypto_daily (models/gold/gold_crypto_daily.sql)
[0m15:39:54.762386 [error] [MainThread]:   Runtime Error in model gold_crypto_daily (models/gold/gold_crypto_daily.sql)
  Binder Error: Referenced column "market_date" not found in FROM clause!
  Candidate bindings: "market_cap", "ingested_at", "current_price", "snapshot_ts", "_run_id"
  
  LINE 36:         market_date,
                   ^
[0m15:39:54.762682 [info ] [MainThread]: 
[0m15:39:54.763020 [info ] [MainThread]:   compiled code at target/compiled/ai_data_engineer/models/gold/gold_crypto_daily.sql
[0m15:39:54.763355 [info ] [MainThread]: 
[0m15:39:54.763692 [info ] [MainThread]: Done. PASS=1 WARN=0 ERROR=1 SKIP=0 NO-OP=0 REUSED=0 TOTAL=2
[0m15:39:54.764873 [debug] [MainThread]: Resource report: {"command_name": "build", "command_success": false, "command_wall_clock_time": 1.4964517, "process_in_blocks": "0", "process_kernel_time": 0.273481, "process_mem_max_rss": "169084", "process_out_blocks": "2920", "process_user_time": 3.034475}
[0m15:39:54.765651 [debug] [MainThread]: Command `dbt build` failed at 15:39:54.765439 after 1.50 seconds
[0m15:39:54.766120 [debug] [MainThread]: Sending event: {'category': 'dbt', 'action': 'invocation', 'label': 'end', 'context': [<snowplow_tracker.self_describing_json.SelfDescribingJson object at 0x774e41b8f6e0>, <snowplow_tracker.self_describing_json.SelfDescribingJson object at 0x774e3c5cfc20>, <snowplow_tracker.self_describing_json.SelfDescribingJson object at 0x774e42ef2a20>]}
[0m15:39:54.766627 [debug] [MainThread]: Flushing usage events
[0m15:39:55.202707 [debug] [MainThread]: An error was encountered while trying to flush usage events
[0m15:40:01.821499 [debug] [MainThread]: Sending event: {'category': 'dbt', 'action': 'invocation', 'label': 'start', 'context': [<snowplow_tracker.self_describing_json.SelfDescribingJson object at 0x7e98395d33b0>, <snowplow_tracker.self_describing_json.SelfDescribingJson object at 0x7e983b353860>, <snowplow_tracker.self_describing_json.SelfDescribingJson object at 0x7e9839891700>]}


============================== 15:40:01.827883 | 66a26fd9-4707-41ef-a357-df7016b268a8 ==============================
[0m15:40:01.827883 [info ] [MainThread]: Running with dbt=1.12.5
[0m15:40:01.828772 [debug] [MainThread]: running dbt with arguments {'empty': 'False', 'write_json': 'True', 'no_print': 'None', 'maximum_seed_size_mib': '1', 'log_format': 'default', 'send_anonymous_usage_stats': 'True', 'version_check': 'True', 'partial_parse': 'True', 'printer_width': '80', 'log_cache_events': 'False', 'introspect': 'True', 'fail_fast': 'False', 'indirect_selection': 'eager', 'hints_enabled': 'True', 'static_parser': 'True', 'debug': 'False', 'use_experimental_parser': 'False', 'use_colors': 'True', 'profiles_dir': '.', 'warn_error': 'None', 'cache_selected_only': 'False', 'target_path': 'None', 'quiet': 'False', 'invocation_command': 'dbt build --select tag:gold --project-dir . --profiles-dir .', 'log_path': 'logs', 'warn_error_options': 'WarnErrorOptionsV2(error=[], warn=[], silence=[])'}
[0m15:40:02.128605 [debug] [MainThread]: Sending event: {'category': 'dbt', 'action': 'project_id', 'label': '66a26fd9-4707-41ef-a357-df7016b268a8', 'context': [<snowplow_tracker.self_describing_json.SelfDescribingJson object at 0x7e98333a7a70>]}
[0m15:40:02.217444 [debug] [MainThread]: Sending event: {'category': 'dbt', 'action': 'adapter_info', 'label': '66a26fd9-4707-41ef-a357-df7016b268a8', 'context': [<snowplow_tracker.self_describing_json.SelfDescribingJson object at 0x7e983b020fe0>]}
[0m15:40:02.220276 [info ] [MainThread]: Registered adapter: duckdb=1.11.0
[0m15:40:02.312832 [debug] [MainThread]: checksum: 14f0a8ae585d54b9c5b9cbf5af4069f390387b877109f247078c6a56c7c26b8a, vars: {}, profile: ai_data_engineer, target: dev, version: 1.12.5
[0m15:40:02.456195 [debug] [MainThread]: Partial parsing enabled: 0 files deleted, 0 files added, 1 files changed.
[0m15:40:02.457126 [debug] [MainThread]: Partial parsing: updated file: ai_data_engineer://models/gold/gold_crypto_daily.sql
[0m15:40:02.936237 [debug] [MainThread]: Sending event: {'category': 'dbt', 'action': 'load_project', 'label': '66a26fd9-4707-41ef-a357-df7016b268a8', 'context': [<snowplow_tracker.self_describing_json.SelfDescribingJson object at 0x7e98394eeba0>]}
[0m15:40:03.067036 [debug] [MainThread]: Wrote artifact WritableManifest to ./target/manifest.json
[0m15:40:03.070786 [debug] [MainThread]: Wrote artifact SemanticManifest to ./target/semantic_manifest.json
[0m15:40:03.087039 [debug] [MainThread]: Wrote artifact OsiDocument to ./target/osi_document.json
[0m15:40:03.112024 [debug] [MainThread]: Sending event: {'category': 'dbt', 'action': 'resource_counts', 'label': '66a26fd9-4707-41ef-a357-df7016b268a8', 'context': [<snowplow_tracker.self_describing_json.SelfDescribingJson object at 0x7e9832ef1dc0>]}
[0m15:40:03.112784 [info ] [MainThread]: Found 4 models, 2 sources, 500 macros
[0m15:40:03.115221 [info ] [MainThread]: 
[0m15:40:03.115783 [info ] [MainThread]: Concurrency: 1 threads (target='dev')
[0m15:40:03.116168 [info ] [MainThread]: 
[0m15:40:03.116832 [debug] [MainThread]: Acquiring new duckdb connection 'master'
[0m15:40:03.123540 [debug] [ThreadPool]: Acquiring new duckdb connection 'list_warehouse'
[0m15:40:03.172151 [debug] [ThreadPool]: Using duckdb connection "list_warehouse"
[0m15:40:03.173240 [debug] [ThreadPool]: On list_warehouse: /* {"app": "dbt", "dbt_version": "1.12.5", "profile_name": "ai_data_engineer", "target_name": "dev", "connection_name": "list_warehouse"} */

    
    select schema_name
    from system.information_schema.schemata
    
    where lower(catalog_name) = '"warehouse"'
    
  
  
[0m15:40:03.174005 [debug] [ThreadPool]: Opening a new connection, currently in state init
[0m15:40:03.195723 [debug] [ThreadPool]: SQL status: OK in 0.022 seconds
[0m15:40:03.197636 [debug] [ThreadPool]: On list_warehouse: Close
[0m15:40:03.198843 [debug] [ThreadPool]: Re-using an available connection from the pool (formerly list_warehouse, now create_warehouse_main)
[0m15:40:03.199547 [debug] [ThreadPool]: Creating schema "database: "warehouse"
schema: "main"
"
[0m15:40:03.210209 [debug] [ThreadPool]: Using duckdb connection "create_warehouse_main"
[0m15:40:03.210749 [debug] [ThreadPool]: On create_warehouse_main: /* {"app": "dbt", "dbt_version": "1.12.5", "profile_name": "ai_data_engineer", "target_name": "dev", "connection_name": "create_warehouse_main"} */

    
        select type from duckdb_databases()
        where lower(database_name)='warehouse'
        and type != 'duckdb'
    
  
[0m15:40:03.211131 [debug] [ThreadPool]: Opening a new connection, currently in state closed
[0m15:40:03.214149 [debug] [ThreadPool]: SQL status: OK in 0.003 seconds
[0m15:40:03.216025 [debug] [ThreadPool]: Using duckdb connection "create_warehouse_main"
[0m15:40:03.216500 [debug] [ThreadPool]: On create_warehouse_main: BEGIN
[0m15:40:03.217129 [debug] [ThreadPool]: SQL status: OK in 0.000 seconds
[0m15:40:03.217539 [debug] [ThreadPool]: Using duckdb connection "create_warehouse_main"
[0m15:40:03.217847 [debug] [ThreadPool]: On create_warehouse_main: /* {"app": "dbt", "dbt_version": "1.12.5", "profile_name": "ai_data_engineer", "target_name": "dev", "connection_name": "create_warehouse_main"} */

    
    
        create schema if not exists "warehouse"."main"
    
[0m15:40:03.218699 [debug] [ThreadPool]: SQL status: OK in 0.001 seconds
[0m15:40:03.219802 [debug] [ThreadPool]: On create_warehouse_main: COMMIT
[0m15:40:03.220220 [debug] [ThreadPool]: Using duckdb connection "create_warehouse_main"
[0m15:40:03.220567 [debug] [ThreadPool]: On create_warehouse_main: COMMIT
[0m15:40:03.221190 [debug] [ThreadPool]: SQL status: OK in 0.000 seconds
[0m15:40:03.221624 [debug] [ThreadPool]: On create_warehouse_main: Close
[0m15:40:03.223663 [debug] [ThreadPool]: Re-using an available connection from the pool (formerly create_warehouse_main, now list_warehouse_main)
[0m15:40:03.230050 [debug] [ThreadPool]: Using duckdb connection "list_warehouse_main"
[0m15:40:03.230582 [debug] [ThreadPool]: On list_warehouse_main: BEGIN
[0m15:40:03.230919 [debug] [ThreadPool]: Opening a new connection, currently in state closed
[0m15:40:03.231893 [debug] [ThreadPool]: SQL status: OK in 0.001 seconds
[0m15:40:03.232368 [debug] [ThreadPool]: Using duckdb connection "list_warehouse_main"
[0m15:40:03.232705 [debug] [ThreadPool]: On list_warehouse_main: /* {"app": "dbt", "dbt_version": "1.12.5", "profile_name": "ai_data_engineer", "target_name": "dev", "connection_name": "list_warehouse_main"} */
select
      'warehouse' as database,
      table_name as name,
      table_schema as schema,
      CASE table_type
        WHEN 'BASE TABLE' THEN 'table'
        WHEN 'VIEW' THEN 'view'
        WHEN 'LOCAL TEMPORARY' THEN 'table'
        END as type
    from system.information_schema.tables
    where lower(table_schema) = 'main'
    and lower(table_catalog) = 'warehouse'
  
[0m15:40:03.237406 [debug] [ThreadPool]: SQL status: OK in 0.004 seconds
[0m15:40:03.239258 [debug] [ThreadPool]: On list_warehouse_main: ROLLBACK
[0m15:40:03.240076 [debug] [ThreadPool]: On list_warehouse_main: Close
[0m15:40:03.242021 [debug] [MainThread]: Sending event: {'category': 'dbt', 'action': 'runnable_timing', 'label': '66a26fd9-4707-41ef-a357-df7016b268a8', 'context': [<snowplow_tracker.self_describing_json.SelfDescribingJson object at 0x7e983810bb60>]}
[0m15:40:03.242730 [debug] [MainThread]: Using duckdb connection "master"
[0m15:40:03.243129 [debug] [MainThread]: On master: BEGIN
[0m15:40:03.243472 [debug] [MainThread]: Opening a new connection, currently in state init
[0m15:40:03.244261 [debug] [MainThread]: SQL status: OK in 0.001 seconds
[0m15:40:03.244707 [debug] [MainThread]: On master: COMMIT
[0m15:40:03.245048 [debug] [MainThread]: Using duckdb connection "master"
[0m15:40:03.245411 [debug] [MainThread]: On master: COMMIT
[0m15:40:03.245956 [debug] [MainThread]: SQL status: OK in 0.000 seconds
[0m15:40:03.246380 [debug] [MainThread]: On master: Close
[0m15:40:03.249613 [debug] [Thread-1 (]: Began running node model.ai_data_engineer.gold_crypto_daily
[0m15:40:03.250773 [info ] [Thread-1 (]: 1 of 2 START sql table model main.gold_crypto_daily ............................ [RUN]
[0m15:40:03.251400 [debug] [Thread-1 (]: Re-using an available connection from the pool (formerly list_warehouse_main, now model.ai_data_engineer.gold_crypto_daily)
[0m15:40:03.252038 [debug] [Thread-1 (]: Began compiling node model.ai_data_engineer.gold_crypto_daily
[0m15:40:03.260426 [debug] [Thread-1 (]: Writing injected SQL for node "model.ai_data_engineer.gold_crypto_daily"
[0m15:40:03.261212 [debug] [Thread-1 (]: Began executing node model.ai_data_engineer.gold_crypto_daily
[0m15:40:03.324655 [debug] [Thread-1 (]: Writing runtime sql for node "model.ai_data_engineer.gold_crypto_daily"
[0m15:40:03.325602 [debug] [Thread-1 (]: Using duckdb connection "model.ai_data_engineer.gold_crypto_daily"
[0m15:40:03.326074 [debug] [Thread-1 (]: On model.ai_data_engineer.gold_crypto_daily: BEGIN
[0m15:40:03.326501 [debug] [Thread-1 (]: Opening a new connection, currently in state closed
[0m15:40:03.327584 [debug] [Thread-1 (]: SQL status: OK in 0.001 seconds
[0m15:40:03.328067 [debug] [Thread-1 (]: Using duckdb connection "model.ai_data_engineer.gold_crypto_daily"
[0m15:40:03.328556 [debug] [Thread-1 (]: On model.ai_data_engineer.gold_crypto_daily: /* {"app": "dbt", "dbt_version": "1.12.5", "profile_name": "ai_data_engineer", "target_name": "dev", "node_id": "model.ai_data_engineer.gold_crypto_daily"} */

    

    create  table
      "warehouse"."main"."gold_crypto_daily__dbt_tmp"
  
    
    as (
      
-- gold_crypto_daily (v1)
-- Mart: one row per coin per day. OHLC approximated from intra-day snapshots
-- (ingest runs every ~6h, so 2-4 snapshots/day): open = first snapshot price,
-- close = last snapshot price, high/low = min/max.
-- Grain key: (coin_id, market_date). Idempotent full refresh.
WITH ordered AS (
    SELECT
        coin_id,
        symbol,
        name,
        CAST(snapshot_ts AS DATE) AS market_date,
        snapshot_ts,
        current_price,
        market_cap,
        total_volume,
        price_change_percentage_24h,
        ROW_NUMBER() OVER (PARTITION BY coin_id, CAST(snapshot_ts AS DATE)
                           ORDER BY snapshot_ts ASC)  AS rn_asc,
        ROW_NUMBER() OVER (PARTITION BY coin_id, CAST(snapshot_ts AS DATE)
                           ORDER BY snapshot_ts DESC) AS rn_desc
    FROM "warehouse"."main"."silver_crypto"
),
agg AS (
    SELECT
        coin_id,
        CAST(snapshot_ts AS DATE) AS market_date,
        MAX(symbol) AS symbol,
        MAX(name)   AS coin_name,
        COUNT(*)    AS snapshot_count,
        MIN(current_price) AS low_price,
        MAX(current_price) AS high_price,
        AVG(current_price) AS avg_price,
        AVG(total_volume)  AS avg_volume,
        AVG(market_cap)    AS avg_market_cap,
        MAX(ingested_at)   AS last_ingested_at
    FROM "warehouse"."main"."silver_crypto"
    GROUP BY coin_id, CAST(snapshot_ts AS DATE)
)
SELECT
    md5(a.coin_id || '|' || CAST(a.market_date AS VARCHAR)) AS crypto_daily_sk,
    a.coin_id,
    a.symbol,
    a.coin_name,
    a.market_date,
    o_open.current_price  AS open_price,
    o_close.current_price AS close_price,
    a.low_price,
    a.high_price,
    a.avg_price,
    a.avg_volume,
    a.avg_market_cap,
    o_close.price_change_percentage_24h AS change_24h_pct,
    a.snapshot_count,
    a.last_ingested_at
FROM agg a
LEFT JOIN ordered o_open
  ON o_open.coin_id = a.coin_id
 AND CAST(o_open.snapshot_ts AS DATE) = a.market_date
 AND o_open.rn_asc = 1
LEFT JOIN ordered o_close
  ON o_close.coin_id = a.coin_id
 AND CAST(o_close.snapshot_ts AS DATE) = a.market_date
 AND o_close.rn_desc = 1
    );
    
  
[0m15:40:03.341039 [debug] [Thread-1 (]: SQL status: OK in 0.012 seconds
[0m15:40:03.348213 [debug] [Thread-1 (]: Using duckdb connection "model.ai_data_engineer.gold_crypto_daily"
[0m15:40:03.348784 [debug] [Thread-1 (]: On model.ai_data_engineer.gold_crypto_daily: /* {"app": "dbt", "dbt_version": "1.12.5", "profile_name": "ai_data_engineer", "target_name": "dev", "node_id": "model.ai_data_engineer.gold_crypto_daily"} */
alter table "warehouse"."main"."gold_crypto_daily__dbt_tmp" rename to "gold_crypto_daily"
[0m15:40:03.349838 [debug] [Thread-1 (]: SQL status: OK in 0.001 seconds
[0m15:40:03.369829 [debug] [Thread-1 (]: On model.ai_data_engineer.gold_crypto_daily: COMMIT
[0m15:40:03.370439 [debug] [Thread-1 (]: Using duckdb connection "model.ai_data_engineer.gold_crypto_daily"
[0m15:40:03.370851 [debug] [Thread-1 (]: On model.ai_data_engineer.gold_crypto_daily: COMMIT
[0m15:40:03.394095 [debug] [Thread-1 (]: SQL status: OK in 0.023 seconds
[0m15:40:03.400292 [debug] [Thread-1 (]: Using duckdb connection "model.ai_data_engineer.gold_crypto_daily"
[0m15:40:03.400856 [debug] [Thread-1 (]: On model.ai_data_engineer.gold_crypto_daily: /* {"app": "dbt", "dbt_version": "1.12.5", "profile_name": "ai_data_engineer", "target_name": "dev", "node_id": "model.ai_data_engineer.gold_crypto_daily"} */

      drop table if exists "warehouse"."main"."gold_crypto_daily__dbt_backup" cascade
    
[0m15:40:03.401835 [debug] [Thread-1 (]: SQL status: OK in 0.000 seconds
[0m15:40:03.405019 [debug] [Thread-1 (]: On model.ai_data_engineer.gold_crypto_daily: Close
[0m15:40:03.407359 [debug] [Thread-1 (]: Sending event: {'category': 'dbt', 'action': 'run_model', 'label': '66a26fd9-4707-41ef-a357-df7016b268a8', 'context': [<snowplow_tracker.self_describing_json.SelfDescribingJson object at 0x7e983b138b00>]}
[0m15:40:03.408260 [info ] [Thread-1 (]: 1 of 2 OK created sql table model main.gold_crypto_daily ....................... [[32mOK[0m in 0.15s]
[0m15:40:03.408983 [debug] [Thread-1 (]: Finished running node model.ai_data_engineer.gold_crypto_daily
[0m15:40:03.409519 [debug] [Thread-1 (]: Began running node model.ai_data_engineer.gold_weather_hourly
[0m15:40:03.410186 [info ] [Thread-1 (]: 2 of 2 START sql table model main.gold_weather_hourly .......................... [RUN]
[0m15:40:03.410777 [debug] [Thread-1 (]: Re-using an available connection from the pool (formerly model.ai_data_engineer.gold_crypto_daily, now model.ai_data_engineer.gold_weather_hourly)
[0m15:40:03.411211 [debug] [Thread-1 (]: Began compiling node model.ai_data_engineer.gold_weather_hourly
[0m15:40:03.414575 [debug] [Thread-1 (]: Writing injected SQL for node "model.ai_data_engineer.gold_weather_hourly"
[0m15:40:03.415400 [debug] [Thread-1 (]: Began executing node model.ai_data_engineer.gold_weather_hourly
[0m15:40:03.418838 [debug] [Thread-1 (]: Writing runtime sql for node "model.ai_data_engineer.gold_weather_hourly"
[0m15:40:03.419564 [debug] [Thread-1 (]: Using duckdb connection "model.ai_data_engineer.gold_weather_hourly"
[0m15:40:03.419984 [debug] [Thread-1 (]: On model.ai_data_engineer.gold_weather_hourly: BEGIN
[0m15:40:03.420378 [debug] [Thread-1 (]: Opening a new connection, currently in state closed
[0m15:40:03.421164 [debug] [Thread-1 (]: SQL status: OK in 0.001 seconds
[0m15:40:03.421651 [debug] [Thread-1 (]: Using duckdb connection "model.ai_data_engineer.gold_weather_hourly"
[0m15:40:03.422058 [debug] [Thread-1 (]: On model.ai_data_engineer.gold_weather_hourly: /* {"app": "dbt", "dbt_version": "1.12.5", "profile_name": "ai_data_engineer", "target_name": "dev", "node_id": "model.ai_data_engineer.gold_weather_hourly"} */

    

    create  table
      "warehouse"."main"."gold_weather_hourly__dbt_tmp"
  
    
    as (
      
-- gold_weather_hourly (v1)
-- Mart: one row per city per hour (latest observation wins on re-delivery).
-- Enriched with the city's daily min/max for context.
-- Grain key: (city, hour_ts). Idempotent full refresh.
WITH daily AS (
    SELECT
        city,
        CAST(hour_ts AS DATE) AS weather_date,
        MIN(temperature_2m) AS day_min_temp_c,
        MAX(temperature_2m) AS day_max_temp_c
    FROM "warehouse"."main"."silver_weather"
    GROUP BY city, CAST(hour_ts AS DATE)
)
SELECT
    s.weather_hour_sk,
    s.city,
    s.hour_ts,
    s.temperature_2m AS temp_c,
    d.day_min_temp_c,
    d.day_max_temp_c,
    s.latitude,
    s.longitude,
    s._run_id AS source_run_id,
    s.ingested_at
FROM "warehouse"."main"."silver_weather" s
JOIN daily d
  ON d.city = s.city
 AND d.weather_date = CAST(s.hour_ts AS DATE)
    );
    
  
[0m15:40:03.428468 [debug] [Thread-1 (]: SQL status: OK in 0.006 seconds
[0m15:40:03.436138 [debug] [Thread-1 (]: Using duckdb connection "model.ai_data_engineer.gold_weather_hourly"
[0m15:40:03.436710 [debug] [Thread-1 (]: On model.ai_data_engineer.gold_weather_hourly: /* {"app": "dbt", "dbt_version": "1.12.5", "profile_name": "ai_data_engineer", "target_name": "dev", "node_id": "model.ai_data_engineer.gold_weather_hourly"} */

    SELECT index_name
    FROM duckdb_indexes()
    WHERE database_name = 'warehouse'
      AND schema_name = 'main'
      AND table_name = 'gold_weather_hourly'
  
[0m15:40:03.438026 [debug] [Thread-1 (]: SQL status: OK in 0.001 seconds
[0m15:40:03.441017 [debug] [Thread-1 (]: Using duckdb connection "model.ai_data_engineer.gold_weather_hourly"
[0m15:40:03.441521 [debug] [Thread-1 (]: On model.ai_data_engineer.gold_weather_hourly: /* {"app": "dbt", "dbt_version": "1.12.5", "profile_name": "ai_data_engineer", "target_name": "dev", "node_id": "model.ai_data_engineer.gold_weather_hourly"} */
alter table "warehouse"."main"."gold_weather_hourly" rename to "gold_weather_hourly__dbt_backup"
[0m15:40:03.442497 [debug] [Thread-1 (]: SQL status: OK in 0.001 seconds
[0m15:40:03.444947 [debug] [Thread-1 (]: Using duckdb connection "model.ai_data_engineer.gold_weather_hourly"
[0m15:40:03.445428 [debug] [Thread-1 (]: On model.ai_data_engineer.gold_weather_hourly: /* {"app": "dbt", "dbt_version": "1.12.5", "profile_name": "ai_data_engineer", "target_name": "dev", "node_id": "model.ai_data_engineer.gold_weather_hourly"} */
alter table "warehouse"."main"."gold_weather_hourly__dbt_tmp" rename to "gold_weather_hourly"
[0m15:40:03.446270 [debug] [Thread-1 (]: SQL status: OK in 0.000 seconds
[0m15:40:03.453719 [debug] [Thread-1 (]: On model.ai_data_engineer.gold_weather_hourly: COMMIT
[0m15:40:03.454304 [debug] [Thread-1 (]: Using duckdb connection "model.ai_data_engineer.gold_weather_hourly"
[0m15:40:03.454712 [debug] [Thread-1 (]: On model.ai_data_engineer.gold_weather_hourly: COMMIT
[0m15:40:03.478413 [debug] [Thread-1 (]: SQL status: OK in 0.023 seconds
[0m15:40:03.480952 [debug] [Thread-1 (]: Using duckdb connection "model.ai_data_engineer.gold_weather_hourly"
[0m15:40:03.481620 [debug] [Thread-1 (]: On model.ai_data_engineer.gold_weather_hourly: /* {"app": "dbt", "dbt_version": "1.12.5", "profile_name": "ai_data_engineer", "target_name": "dev", "node_id": "model.ai_data_engineer.gold_weather_hourly"} */

      drop table if exists "warehouse"."main"."gold_weather_hourly__dbt_backup" cascade
    
[0m15:40:03.502689 [debug] [Thread-1 (]: SQL status: OK in 0.020 seconds
[0m15:40:03.504762 [debug] [Thread-1 (]: On model.ai_data_engineer.gold_weather_hourly: Close
[0m15:40:03.505651 [debug] [Thread-1 (]: Sending event: {'category': 'dbt', 'action': 'run_model', 'label': '66a26fd9-4707-41ef-a357-df7016b268a8', 'context': [<snowplow_tracker.self_describing_json.SelfDescribingJson object at 0x7e9831a24cb0>]}
[0m15:40:03.506535 [info ] [Thread-1 (]: 2 of 2 OK created sql table model main.gold_weather_hourly ..................... [[32mOK[0m in 0.09s]
[0m15:40:03.507544 [debug] [Thread-1 (]: Finished running node model.ai_data_engineer.gold_weather_hourly
[0m15:40:03.509392 [debug] [MainThread]: Using duckdb connection "master"
[0m15:40:03.509907 [debug] [MainThread]: On master: BEGIN
[0m15:40:03.510457 [debug] [MainThread]: Opening a new connection, currently in state closed
[0m15:40:03.511465 [debug] [MainThread]: SQL status: OK in 0.001 seconds
[0m15:40:03.511907 [debug] [MainThread]: On master: COMMIT
[0m15:40:03.512433 [debug] [MainThread]: Using duckdb connection "master"
[0m15:40:03.512844 [debug] [MainThread]: On master: COMMIT
[0m15:40:03.513729 [debug] [MainThread]: SQL status: OK in 0.000 seconds
[0m15:40:03.514163 [debug] [MainThread]: On master: Close
[0m15:40:03.514815 [debug] [MainThread]: Connection 'master' was properly closed.
[0m15:40:03.515426 [debug] [MainThread]: Connection 'model.ai_data_engineer.gold_weather_hourly' was properly closed.
[0m15:40:03.515968 [info ] [MainThread]: 
[0m15:40:03.516524 [info ] [MainThread]: Finished running 2 table models in 0 hours 0 minutes and 0.40 seconds (0.40s).
[0m15:40:03.517592 [debug] [MainThread]: Command end result
[0m15:40:03.563088 [debug] [MainThread]: Wrote artifact WritableManifest to ./target/manifest.json
[0m15:40:03.571592 [debug] [MainThread]: Wrote artifact SemanticManifest to ./target/semantic_manifest.json
[0m15:40:03.577191 [debug] [MainThread]: Wrote artifact OsiDocument to ./target/osi_document.json
[0m15:40:03.589278 [debug] [MainThread]: Wrote artifact RunExecutionResult to ./target/run_results.json
[0m15:40:03.590072 [info ] [MainThread]: 
[0m15:40:03.590659 [info ] [MainThread]: [32mCompleted successfully[0m
[0m15:40:03.594655 [info ] [MainThread]: 
[0m15:40:03.595206 [info ] [MainThread]: Done. PASS=2 WARN=0 ERROR=0 SKIP=0 NO-OP=0 REUSED=0 TOTAL=2
[0m15:40:03.596878 [debug] [MainThread]: Resource report: {"command_name": "build", "command_success": true, "command_wall_clock_time": 1.8895178, "process_in_blocks": "0", "process_kernel_time": 0.276571, "process_mem_max_rss": "174960", "process_out_blocks": "4304", "process_user_time": 3.50636}
[0m15:40:03.597628 [debug] [MainThread]: Command `dbt build` succeeded at 15:40:03.597501 after 1.89 seconds
[0m15:40:03.598086 [debug] [MainThread]: Sending event: {'category': 'dbt', 'action': 'invocation', 'label': 'end', 'context': [<snowplow_tracker.self_describing_json.SelfDescribingJson object at 0x7e98383f3c20>, <snowplow_tracker.self_describing_json.SelfDescribingJson object at 0x7e9838205070>, <snowplow_tracker.self_describing_json.SelfDescribingJson object at 0x7e9832ef1b20>]}
[0m15:40:03.598602 [debug] [MainThread]: Flushing usage events
[0m15:40:04.021876 [debug] [MainThread]: An error was encountered while trying to flush usage events
[0m15:40:15.885912 [debug] [MainThread]: Sending event: {'category': 'dbt', 'action': 'invocation', 'label': 'start', 'context': [<snowplow_tracker.self_describing_json.SelfDescribingJson object at 0x752870079760>, <snowplow_tracker.self_describing_json.SelfDescribingJson object at 0x75286fe828a0>, <snowplow_tracker.self_describing_json.SelfDescribingJson object at 0x75287035ef30>]}


============================== 15:40:15.892592 | ebe8b473-0039-4d89-9d17-f85c9490fdde ==============================
[0m15:40:15.892592 [info ] [MainThread]: Running with dbt=1.12.5
[0m15:40:15.893502 [debug] [MainThread]: running dbt with arguments {'profiles_dir': '/home/hatch/workspace/ai-data-engineer', 'quiet': 'False', 'send_anonymous_usage_stats': 'True', 'use_colors': 'True', 'warn_error_options': 'WarnErrorOptionsV2(error=[], warn=[], silence=[])', 'log_cache_events': 'False', 'target_path': 'None', 'write_json': 'True', 'partial_parse': 'True', 'use_experimental_parser': 'False', 'static_parser': 'True', 'no_print': 'None', 'warn_error': 'None', 'fail_fast': 'False', 'log_format': 'default', 'indirect_selection': 'eager', 'log_path': '/home/hatch/workspace/ai-data-engineer/logs', 'cache_selected_only': 'False', 'empty': 'False', 'hints_enabled': 'True', 'introspect': 'True', 'maximum_seed_size_mib': '1', 'version_check': 'True', 'printer_width': '80', 'invocation_command': 'dbt build --select tag:silver --target dev --project-dir /home/hatch/workspace/ai-data-engineer --profiles-dir /home/hatch/workspace/ai-data-engineer', 'debug': 'False'}
[0m15:40:16.189591 [debug] [MainThread]: Sending event: {'category': 'dbt', 'action': 'project_id', 'label': 'ebe8b473-0039-4d89-9d17-f85c9490fdde', 'context': [<snowplow_tracker.self_describing_json.SelfDescribingJson object at 0x75286efb0f20>]}
[0m15:40:16.279590 [debug] [MainThread]: Sending event: {'category': 'dbt', 'action': 'adapter_info', 'label': 'ebe8b473-0039-4d89-9d17-f85c9490fdde', 'context': [<snowplow_tracker.self_describing_json.SelfDescribingJson object at 0x75286ef2c500>]}
[0m15:40:16.282289 [info ] [MainThread]: Registered adapter: duckdb=1.11.0
[0m15:40:16.375549 [debug] [MainThread]: checksum: 14f0a8ae585d54b9c5b9cbf5af4069f390387b877109f247078c6a56c7c26b8a, vars: {}, profile: ai_data_engineer, target: dev, version: 1.12.5
[0m15:40:16.519470 [debug] [MainThread]: Partial parsing enabled: 0 files deleted, 0 files added, 0 files changed.
[0m15:40:16.520124 [debug] [MainThread]: Nothing changed, skipping partial parsing.
[0m15:40:16.520526 [debug] [MainThread]: Partial parsing enabled, no changes found, skipping parsing
[0m15:40:16.534866 [debug] [MainThread]: Sending event: {'category': 'dbt', 'action': 'load_project', 'label': 'ebe8b473-0039-4d89-9d17-f85c9490fdde', 'context': [<snowplow_tracker.self_describing_json.SelfDescribingJson object at 0x75286efb0e00>]}
[0m15:40:16.693917 [debug] [MainThread]: Wrote artifact WritableManifest to /home/hatch/workspace/ai-data-engineer/target/manifest.json
[0m15:40:16.697933 [debug] [MainThread]: Wrote artifact SemanticManifest to /home/hatch/workspace/ai-data-engineer/target/semantic_manifest.json
[0m15:40:16.717936 [debug] [MainThread]: Wrote artifact OsiDocument to /home/hatch/workspace/ai-data-engineer/target/osi_document.json
[0m15:40:16.746237 [debug] [MainThread]: Sending event: {'category': 'dbt', 'action': 'resource_counts', 'label': 'ebe8b473-0039-4d89-9d17-f85c9490fdde', 'context': [<snowplow_tracker.self_describing_json.SelfDescribingJson object at 0x752869df6db0>]}
[0m15:40:16.747344 [info ] [MainThread]: Found 4 models, 2 sources, 500 macros
[0m15:40:16.750123 [info ] [MainThread]: 
[0m15:40:16.750929 [info ] [MainThread]: Concurrency: 1 threads (target='dev')
[0m15:40:16.752587 [info ] [MainThread]: 
[0m15:40:16.754652 [debug] [MainThread]: Acquiring new duckdb connection 'master'
[0m15:40:16.766664 [debug] [ThreadPool]: Acquiring new duckdb connection 'list_warehouse'
[0m15:40:16.914652 [debug] [ThreadPool]: Using duckdb connection "list_warehouse"
[0m15:40:16.915361 [debug] [ThreadPool]: On list_warehouse: /* {"app": "dbt", "dbt_version": "1.12.5", "profile_name": "ai_data_engineer", "target_name": "dev", "connection_name": "list_warehouse"} */

    
    select schema_name
    from system.information_schema.schemata
    
    where lower(catalog_name) = '"warehouse"'
    
  
  
[0m15:40:16.915764 [debug] [ThreadPool]: Opening a new connection, currently in state init
[0m15:40:16.935629 [debug] [ThreadPool]: SQL status: OK in 0.020 seconds
[0m15:40:16.937471 [debug] [ThreadPool]: On list_warehouse: Close
[0m15:40:16.938682 [debug] [ThreadPool]: Re-using an available connection from the pool (formerly list_warehouse, now create_warehouse_main)
[0m15:40:16.939388 [debug] [ThreadPool]: Creating schema "database: "warehouse"
schema: "main"
"
[0m15:40:16.950105 [debug] [ThreadPool]: Using duckdb connection "create_warehouse_main"
[0m15:40:16.950645 [debug] [ThreadPool]: On create_warehouse_main: /* {"app": "dbt", "dbt_version": "1.12.5", "profile_name": "ai_data_engineer", "target_name": "dev", "connection_name": "create_warehouse_main"} */

    
        select type from duckdb_databases()
        where lower(database_name)='warehouse'
        and type != 'duckdb'
    
  
[0m15:40:16.951091 [debug] [ThreadPool]: Opening a new connection, currently in state closed
[0m15:40:16.953106 [debug] [ThreadPool]: SQL status: OK in 0.002 seconds
[0m15:40:16.954824 [debug] [ThreadPool]: Using duckdb connection "create_warehouse_main"
[0m15:40:16.955300 [debug] [ThreadPool]: On create_warehouse_main: BEGIN
[0m15:40:16.955975 [debug] [ThreadPool]: SQL status: OK in 0.000 seconds
[0m15:40:16.956431 [debug] [ThreadPool]: Using duckdb connection "create_warehouse_main"
[0m15:40:16.956759 [debug] [ThreadPool]: On create_warehouse_main: /* {"app": "dbt", "dbt_version": "1.12.5", "profile_name": "ai_data_engineer", "target_name": "dev", "connection_name": "create_warehouse_main"} */

    
    
        create schema if not exists "warehouse"."main"
    
[0m15:40:16.957659 [debug] [ThreadPool]: SQL status: OK in 0.000 seconds
[0m15:40:16.958769 [debug] [ThreadPool]: On create_warehouse_main: COMMIT
[0m15:40:16.959204 [debug] [ThreadPool]: Using duckdb connection "create_warehouse_main"
[0m15:40:16.959547 [debug] [ThreadPool]: On create_warehouse_main: COMMIT
[0m15:40:16.960166 [debug] [ThreadPool]: SQL status: OK in 0.000 seconds
[0m15:40:16.960585 [debug] [ThreadPool]: On create_warehouse_main: Close
[0m15:40:16.962653 [debug] [ThreadPool]: Re-using an available connection from the pool (formerly create_warehouse_main, now list_warehouse_main)
[0m15:40:16.968944 [debug] [ThreadPool]: Using duckdb connection "list_warehouse_main"
[0m15:40:16.969507 [debug] [ThreadPool]: On list_warehouse_main: BEGIN
[0m15:40:16.969854 [debug] [ThreadPool]: Opening a new connection, currently in state closed
[0m15:40:16.970693 [debug] [ThreadPool]: SQL status: OK in 0.001 seconds
[0m15:40:16.971161 [debug] [ThreadPool]: Using duckdb connection "list_warehouse_main"
[0m15:40:16.971533 [debug] [ThreadPool]: On list_warehouse_main: /* {"app": "dbt", "dbt_version": "1.12.5", "profile_name": "ai_data_engineer", "target_name": "dev", "connection_name": "list_warehouse_main"} */
select
      'warehouse' as database,
      table_name as name,
      table_schema as schema,
      CASE table_type
        WHEN 'BASE TABLE' THEN 'table'
        WHEN 'VIEW' THEN 'view'
        WHEN 'LOCAL TEMPORARY' THEN 'table'
        END as type
    from system.information_schema.tables
    where lower(table_schema) = 'main'
    and lower(table_catalog) = 'warehouse'
  
[0m15:40:16.976174 [debug] [ThreadPool]: SQL status: OK in 0.004 seconds
[0m15:40:16.978181 [debug] [ThreadPool]: On list_warehouse_main: ROLLBACK
[0m15:40:16.979013 [debug] [ThreadPool]: On list_warehouse_main: Close
[0m15:40:16.980967 [debug] [MainThread]: Sending event: {'category': 'dbt', 'action': 'runnable_timing', 'label': 'ebe8b473-0039-4d89-9d17-f85c9490fdde', 'context': [<snowplow_tracker.self_describing_json.SelfDescribingJson object at 0x752868e42a80>]}
[0m15:40:16.981893 [debug] [MainThread]: Using duckdb connection "master"
[0m15:40:16.982361 [debug] [MainThread]: On master: BEGIN
[0m15:40:16.982708 [debug] [MainThread]: Opening a new connection, currently in state init
[0m15:40:16.983745 [debug] [MainThread]: SQL status: OK in 0.001 seconds
[0m15:40:16.984199 [debug] [MainThread]: On master: COMMIT
[0m15:40:16.984559 [debug] [MainThread]: Using duckdb connection "master"
[0m15:40:16.984854 [debug] [MainThread]: On master: COMMIT
[0m15:40:16.985458 [debug] [MainThread]: SQL status: OK in 0.000 seconds
[0m15:40:16.985871 [debug] [MainThread]: On master: Close
[0m15:40:16.989641 [debug] [Thread-1 (]: Began running node model.ai_data_engineer.silver_crypto
[0m15:40:16.990481 [info ] [Thread-1 (]: 1 of 2 START sql table model main.silver_crypto ................................ [RUN]
[0m15:40:16.991128 [debug] [Thread-1 (]: Re-using an available connection from the pool (formerly list_warehouse_main, now model.ai_data_engineer.silver_crypto)
[0m15:40:16.991609 [debug] [Thread-1 (]: Began compiling node model.ai_data_engineer.silver_crypto
[0m15:40:17.001711 [debug] [Thread-1 (]: Writing injected SQL for node "model.ai_data_engineer.silver_crypto"
[0m15:40:17.003945 [debug] [Thread-1 (]: Began executing node model.ai_data_engineer.silver_crypto
[0m15:40:17.053753 [debug] [Thread-1 (]: Using duckdb connection "model.ai_data_engineer.silver_crypto"
[0m15:40:17.054562 [debug] [Thread-1 (]: On model.ai_data_engineer.silver_crypto: BEGIN
[0m15:40:17.055254 [debug] [Thread-1 (]: Opening a new connection, currently in state closed
[0m15:40:17.057579 [debug] [Thread-1 (]: SQL status: OK in 0.002 seconds
[0m15:40:17.058224 [debug] [Thread-1 (]: Using duckdb connection "model.ai_data_engineer.silver_crypto"
[0m15:40:17.058649 [debug] [Thread-1 (]: On model.ai_data_engineer.silver_crypto: /* {"app": "dbt", "dbt_version": "1.12.5", "profile_name": "ai_data_engineer", "target_name": "dev", "node_id": "model.ai_data_engineer.silver_crypto"} */

        ALTER TABLE bronze_crypto ADD COLUMN IF NOT EXISTS volume_24h DOUBLE
      
[0m15:40:17.060248 [debug] [Thread-1 (]: SQL status: OK in 0.001 seconds
[0m15:40:17.091668 [debug] [Thread-1 (]: Writing runtime sql for node "model.ai_data_engineer.silver_crypto"
[0m15:40:17.092724 [debug] [Thread-1 (]: Using duckdb connection "model.ai_data_engineer.silver_crypto"
[0m15:40:17.093635 [debug] [Thread-1 (]: On model.ai_data_engineer.silver_crypto: /* {"app": "dbt", "dbt_version": "1.12.5", "profile_name": "ai_data_engineer", "target_name": "dev", "node_id": "model.ai_data_engineer.silver_crypto"} */

    

    create  table
      "warehouse"."main"."silver_crypto__dbt_tmp"
  
    
    as (
      
-- silver_crypto (v1)
-- Staging: dedupe on natural key (coin_id, snapshot_ts), cast types,
-- standardize timestamps to UTC, add surrogate key.
-- Full refresh, idempotent: re-running on the same bronze yields identical silver.
--
-- SCHEMA DRIFT CONTRACT (pre-hook above): the CoinGecko feed once renamed
-- total_volume -> volume_24h mid-day. The loader preserves both raw columns;
-- staging coalesces them so downstream never breaks.
WITH ranked AS (
    SELECT
        coin_id,
        symbol,
        name,
        TRY_CAST(current_price AS DOUBLE)              AS current_price,
        TRY_CAST(market_cap AS DOUBLE)                 AS market_cap,
        -- drift-tolerant: prefer the canonical field, fall back to the alias
        COALESCE(TRY_CAST(total_volume AS DOUBLE),
                 TRY_CAST(volume_24h AS DOUBLE))       AS total_volume,
        TRY_CAST(price_change_percentage_24h AS DOUBLE) AS price_change_percentage_24h,
        -- CoinGecko last_updated is ISO-8601 with offset; normalize to UTC.
        CAST(last_updated AS TIMESTAMPTZ) AT TIME ZONE 'UTC' AS snapshot_ts,
        vs_currency,
        _run_id,
        CAST(_ingested_at AS TIMESTAMPTZ) AT TIME ZONE 'UTC' AS ingested_at,
        ROW_NUMBER() OVER (
            PARTITION BY coin_id, CAST(last_updated AS TIMESTAMPTZ) AT TIME ZONE 'UTC'
            ORDER BY CAST(_ingested_at AS TIMESTAMPTZ) DESC
        ) AS rn
    FROM "warehouse"."main"."bronze_crypto"
)
SELECT
    md5(coin_id || '|' || CAST(snapshot_ts AS VARCHAR)) AS crypto_snapshot_sk,
    coin_id,
    symbol,
    name,
    current_price,
    market_cap,
    total_volume,
    price_change_percentage_24h,
    snapshot_ts,
    vs_currency,
    _run_id,
    ingested_at
FROM ranked
WHERE rn = 1
    );
    
  
[0m15:40:17.103041 [debug] [Thread-1 (]: SQL status: OK in 0.009 seconds
[0m15:40:17.111156 [debug] [Thread-1 (]: Using duckdb connection "model.ai_data_engineer.silver_crypto"
[0m15:40:17.111741 [debug] [Thread-1 (]: On model.ai_data_engineer.silver_crypto: /* {"app": "dbt", "dbt_version": "1.12.5", "profile_name": "ai_data_engineer", "target_name": "dev", "node_id": "model.ai_data_engineer.silver_crypto"} */
alter table "warehouse"."main"."silver_crypto__dbt_tmp" rename to "silver_crypto"
[0m15:40:17.112799 [debug] [Thread-1 (]: SQL status: OK in 0.001 seconds
[0m15:40:17.133801 [debug] [Thread-1 (]: On model.ai_data_engineer.silver_crypto: COMMIT
[0m15:40:17.134460 [debug] [Thread-1 (]: Using duckdb connection "model.ai_data_engineer.silver_crypto"
[0m15:40:17.134916 [debug] [Thread-1 (]: On model.ai_data_engineer.silver_crypto: COMMIT
[0m15:40:17.157792 [debug] [Thread-1 (]: SQL status: OK in 0.022 seconds
[0m15:40:17.165598 [debug] [Thread-1 (]: Using duckdb connection "model.ai_data_engineer.silver_crypto"
[0m15:40:17.166244 [debug] [Thread-1 (]: On model.ai_data_engineer.silver_crypto: /* {"app": "dbt", "dbt_version": "1.12.5", "profile_name": "ai_data_engineer", "target_name": "dev", "node_id": "model.ai_data_engineer.silver_crypto"} */

      drop table if exists "warehouse"."main"."silver_crypto__dbt_backup" cascade
    
[0m15:40:17.167514 [debug] [Thread-1 (]: SQL status: OK in 0.001 seconds
[0m15:40:17.170936 [debug] [Thread-1 (]: On model.ai_data_engineer.silver_crypto: Close
[0m15:40:17.173464 [debug] [Thread-1 (]: Sending event: {'category': 'dbt', 'action': 'run_model', 'label': 'ebe8b473-0039-4d89-9d17-f85c9490fdde', 'context': [<snowplow_tracker.self_describing_json.SelfDescribingJson object at 0x752868e55a30>]}
[0m15:40:17.174471 [info ] [Thread-1 (]: 1 of 2 OK created sql table model main.silver_crypto ........................... [[32mOK[0m in 0.18s]
[0m15:40:17.175243 [debug] [Thread-1 (]: Finished running node model.ai_data_engineer.silver_crypto
[0m15:40:17.175781 [debug] [Thread-1 (]: Began running node model.ai_data_engineer.silver_weather
[0m15:40:17.176617 [info ] [Thread-1 (]: 2 of 2 START sql table model main.silver_weather ............................... [RUN]
[0m15:40:17.177260 [debug] [Thread-1 (]: Re-using an available connection from the pool (formerly model.ai_data_engineer.silver_crypto, now model.ai_data_engineer.silver_weather)
[0m15:40:17.177719 [debug] [Thread-1 (]: Began compiling node model.ai_data_engineer.silver_weather
[0m15:40:17.181218 [debug] [Thread-1 (]: Writing injected SQL for node "model.ai_data_engineer.silver_weather"
[0m15:40:17.182000 [debug] [Thread-1 (]: Began executing node model.ai_data_engineer.silver_weather
[0m15:40:17.185781 [debug] [Thread-1 (]: Writing runtime sql for node "model.ai_data_engineer.silver_weather"
[0m15:40:17.186584 [debug] [Thread-1 (]: Using duckdb connection "model.ai_data_engineer.silver_weather"
[0m15:40:17.187060 [debug] [Thread-1 (]: On model.ai_data_engineer.silver_weather: BEGIN
[0m15:40:17.187453 [debug] [Thread-1 (]: Opening a new connection, currently in state closed
[0m15:40:17.188468 [debug] [Thread-1 (]: SQL status: OK in 0.001 seconds
[0m15:40:17.189059 [debug] [Thread-1 (]: Using duckdb connection "model.ai_data_engineer.silver_weather"
[0m15:40:17.189501 [debug] [Thread-1 (]: On model.ai_data_engineer.silver_weather: /* {"app": "dbt", "dbt_version": "1.12.5", "profile_name": "ai_data_engineer", "target_name": "dev", "node_id": "model.ai_data_engineer.silver_weather"} */

    

    create  table
      "warehouse"."main"."silver_weather__dbt_tmp"
  
    
    as (
      
-- silver_weather (v1)
-- Staging: dedupe on natural key (city, hour_ts), cast types,
-- add surrogate key. Open-Meteo already returns UTC hourly grain.
-- Full refresh, idempotent.
WITH ranked AS (
    SELECT
        city,
        TRY_CAST(latitude AS DOUBLE)  AS latitude,
        TRY_CAST(longitude AS DOUBLE) AS longitude,
        CAST(hour_ts AS TIMESTAMP)    AS hour_ts,   -- already UTC ISO
        TRY_CAST(temperature_2m AS DOUBLE) AS temperature_2m,
        _run_id,
        CAST(_ingested_at AS TIMESTAMPTZ) AT TIME ZONE 'UTC' AS ingested_at,
        ROW_NUMBER() OVER (
            PARTITION BY city, CAST(hour_ts AS TIMESTAMP)
            ORDER BY CAST(_ingested_at AS TIMESTAMPTZ) DESC
        ) AS rn
    FROM "warehouse"."main"."bronze_weather"
)
SELECT
    md5(city || '|' || CAST(hour_ts AS VARCHAR)) AS weather_hour_sk,
    city,
    latitude,
    longitude,
    hour_ts,
    temperature_2m,
    _run_id,
    ingested_at
FROM ranked
WHERE rn = 1
    );
    
  
[0m15:40:17.200653 [debug] [Thread-1 (]: SQL status: OK in 0.011 seconds
[0m15:40:17.203946 [debug] [Thread-1 (]: Using duckdb connection "model.ai_data_engineer.silver_weather"
[0m15:40:17.204517 [debug] [Thread-1 (]: On model.ai_data_engineer.silver_weather: /* {"app": "dbt", "dbt_version": "1.12.5", "profile_name": "ai_data_engineer", "target_name": "dev", "node_id": "model.ai_data_engineer.silver_weather"} */
alter table "warehouse"."main"."silver_weather__dbt_tmp" rename to "silver_weather"
[0m15:40:17.205600 [debug] [Thread-1 (]: SQL status: OK in 0.001 seconds
[0m15:40:17.207862 [debug] [Thread-1 (]: On model.ai_data_engineer.silver_weather: COMMIT
[0m15:40:17.209049 [debug] [Thread-1 (]: Using duckdb connection "model.ai_data_engineer.silver_weather"
[0m15:40:17.209554 [debug] [Thread-1 (]: On model.ai_data_engineer.silver_weather: COMMIT
[0m15:40:17.230306 [debug] [Thread-1 (]: SQL status: OK in 0.020 seconds
[0m15:40:17.232401 [debug] [Thread-1 (]: Using duckdb connection "model.ai_data_engineer.silver_weather"
[0m15:40:17.232906 [debug] [Thread-1 (]: On model.ai_data_engineer.silver_weather: /* {"app": "dbt", "dbt_version": "1.12.5", "profile_name": "ai_data_engineer", "target_name": "dev", "node_id": "model.ai_data_engineer.silver_weather"} */

      drop table if exists "warehouse"."main"."silver_weather__dbt_backup" cascade
    
[0m15:40:17.233786 [debug] [Thread-1 (]: SQL status: OK in 0.000 seconds
[0m15:40:17.235561 [debug] [Thread-1 (]: On model.ai_data_engineer.silver_weather: Close
[0m15:40:17.236400 [debug] [Thread-1 (]: Sending event: {'category': 'dbt', 'action': 'run_model', 'label': 'ebe8b473-0039-4d89-9d17-f85c9490fdde', 'context': [<snowplow_tracker.self_describing_json.SelfDescribingJson object at 0x752868e9fef0>]}
[0m15:40:17.237217 [info ] [Thread-1 (]: 2 of 2 OK created sql table model main.silver_weather .......................... [[32mOK[0m in 0.06s]
[0m15:40:17.237916 [debug] [Thread-1 (]: Finished running node model.ai_data_engineer.silver_weather
[0m15:40:17.240129 [debug] [MainThread]: Using duckdb connection "master"
[0m15:40:17.240846 [debug] [MainThread]: On master: BEGIN
[0m15:40:17.241279 [debug] [MainThread]: Opening a new connection, currently in state closed
[0m15:40:17.242265 [debug] [MainThread]: SQL status: OK in 0.001 seconds
[0m15:40:17.242758 [debug] [MainThread]: On master: COMMIT
[0m15:40:17.243132 [debug] [MainThread]: Using duckdb connection "master"
[0m15:40:17.243494 [debug] [MainThread]: On master: COMMIT
[0m15:40:17.244104 [debug] [MainThread]: SQL status: OK in 0.000 seconds
[0m15:40:17.244557 [debug] [MainThread]: On master: Close
[0m15:40:17.245120 [debug] [MainThread]: Connection 'master' was properly closed.
[0m15:40:17.245511 [debug] [MainThread]: Connection 'model.ai_data_engineer.silver_weather' was properly closed.
[0m15:40:17.245948 [info ] [MainThread]: 
[0m15:40:17.246398 [info ] [MainThread]: Finished running 2 table models in 0 hours 0 minutes and 0.49 seconds (0.49s).
[0m15:40:17.247361 [debug] [MainThread]: Command end result
[0m15:40:17.299112 [debug] [MainThread]: Wrote artifact WritableManifest to /home/hatch/workspace/ai-data-engineer/target/manifest.json
[0m15:40:17.303683 [debug] [MainThread]: Wrote artifact SemanticManifest to /home/hatch/workspace/ai-data-engineer/target/semantic_manifest.json
[0m15:40:17.308865 [debug] [MainThread]: Wrote artifact OsiDocument to /home/hatch/workspace/ai-data-engineer/target/osi_document.json
[0m15:40:17.319950 [debug] [MainThread]: Wrote artifact RunExecutionResult to /home/hatch/workspace/ai-data-engineer/target/run_results.json
[0m15:40:17.320710 [info ] [MainThread]: 
[0m15:40:17.321279 [info ] [MainThread]: [32mCompleted successfully[0m
[0m15:40:17.321720 [info ] [MainThread]: 
[0m15:40:17.322158 [info ] [MainThread]: Done. PASS=2 WARN=0 ERROR=0 SKIP=0 NO-OP=0 REUSED=0 TOTAL=2
[0m15:40:17.323504 [debug] [MainThread]: Resource report: {"command_name": "build", "command_success": true, "command_wall_clock_time": 1.5418026, "process_in_blocks": "0", "process_kernel_time": 0.255563, "process_mem_max_rss": "169388", "process_out_blocks": "2984", "process_user_time": 3.165406}
[0m15:40:17.324242 [debug] [MainThread]: Command `dbt build` succeeded at 15:40:17.324112 after 1.54 seconds
[0m15:40:17.324867 [debug] [MainThread]: Sending event: {'category': 'dbt', 'action': 'invocation', 'label': 'end', 'context': [<snowplow_tracker.self_describing_json.SelfDescribingJson object at 0x752870079760>, <snowplow_tracker.self_describing_json.SelfDescribingJson object at 0x752870a19580>, <snowplow_tracker.self_describing_json.SelfDescribingJson object at 0x752869f487d0>]}
[0m15:40:17.325409 [debug] [MainThread]: Flushing usage events
[0m15:40:17.817170 [debug] [MainThread]: An error was encountered while trying to flush usage events
[0m15:40:20.412889 [debug] [MainThread]: Sending event: {'category': 'dbt', 'action': 'invocation', 'label': 'start', 'context': [<snowplow_tracker.self_describing_json.SelfDescribingJson object at 0x79424680ef90>, <snowplow_tracker.self_describing_json.SelfDescribingJson object at 0x7942468c2510>, <snowplow_tracker.self_describing_json.SelfDescribingJson object at 0x79424680fc50>]}


============================== 15:40:20.419183 | dcfa6628-c272-4663-b92f-c05686e7d22a ==============================
[0m15:40:20.419183 [info ] [MainThread]: Running with dbt=1.12.5
[0m15:40:20.420550 [debug] [MainThread]: running dbt with arguments {'fail_fast': 'False', 'warn_error': 'None', 'target_path': 'None', 'use_colors': 'True', 'printer_width': '80', 'hints_enabled': 'True', 'cache_selected_only': 'False', 'partial_parse': 'True', 'log_cache_events': 'False', 'use_experimental_parser': 'False', 'profiles_dir': '/home/hatch/workspace/ai-data-engineer', 'log_path': '/home/hatch/workspace/ai-data-engineer/logs', 'no_print': 'None', 'maximum_seed_size_mib': '1', 'quiet': 'False', 'empty': 'False', 'write_json': 'True', 'debug': 'False', 'log_format': 'default', 'warn_error_options': 'WarnErrorOptionsV2(error=[], warn=[], silence=[])', 'send_anonymous_usage_stats': 'True', 'version_check': 'True', 'invocation_command': 'dbt build --select tag:gold --target dev --project-dir /home/hatch/workspace/ai-data-engineer --profiles-dir /home/hatch/workspace/ai-data-engineer', 'static_parser': 'True', 'introspect': 'True', 'indirect_selection': 'eager'}
[0m15:40:20.727546 [debug] [MainThread]: Sending event: {'category': 'dbt', 'action': 'project_id', 'label': 'dcfa6628-c272-4663-b92f-c05686e7d22a', 'context': [<snowplow_tracker.self_describing_json.SelfDescribingJson object at 0x794245441ee0>]}
[0m15:40:20.832589 [debug] [MainThread]: Sending event: {'category': 'dbt', 'action': 'adapter_info', 'label': 'dcfa6628-c272-4663-b92f-c05686e7d22a', 'context': [<snowplow_tracker.self_describing_json.SelfDescribingJson object at 0x7942484897c0>]}
[0m15:40:20.835929 [info ] [MainThread]: Registered adapter: duckdb=1.11.0
[0m15:40:20.939499 [debug] [MainThread]: checksum: 14f0a8ae585d54b9c5b9cbf5af4069f390387b877109f247078c6a56c7c26b8a, vars: {}, profile: ai_data_engineer, target: dev, version: 1.12.5
[0m15:40:21.084233 [debug] [MainThread]: Partial parsing enabled: 0 files deleted, 0 files added, 0 files changed.
[0m15:40:21.084885 [debug] [MainThread]: Nothing changed, skipping partial parsing.
[0m15:40:21.085286 [debug] [MainThread]: Partial parsing enabled, no changes found, skipping parsing
[0m15:40:21.099109 [debug] [MainThread]: Sending event: {'category': 'dbt', 'action': 'load_project', 'label': 'dcfa6628-c272-4663-b92f-c05686e7d22a', 'context': [<snowplow_tracker.self_describing_json.SelfDescribingJson object at 0x79424069b920>]}
[0m15:40:21.245285 [debug] [MainThread]: Wrote artifact WritableManifest to /home/hatch/workspace/ai-data-engineer/target/manifest.json
[0m15:40:21.249014 [debug] [MainThread]: Wrote artifact SemanticManifest to /home/hatch/workspace/ai-data-engineer/target/semantic_manifest.json
[0m15:40:21.265433 [debug] [MainThread]: Wrote artifact OsiDocument to /home/hatch/workspace/ai-data-engineer/target/osi_document.json
[0m15:40:21.292091 [debug] [MainThread]: Sending event: {'category': 'dbt', 'action': 'resource_counts', 'label': 'dcfa6628-c272-4663-b92f-c05686e7d22a', 'context': [<snowplow_tracker.self_describing_json.SelfDescribingJson object at 0x7942402d9c70>]}
[0m15:40:21.292844 [info ] [MainThread]: Found 4 models, 2 sources, 500 macros
[0m15:40:21.295506 [info ] [MainThread]: 
[0m15:40:21.296109 [info ] [MainThread]: Concurrency: 1 threads (target='dev')
[0m15:40:21.296528 [info ] [MainThread]: 
[0m15:40:21.297224 [debug] [MainThread]: Acquiring new duckdb connection 'master'
[0m15:40:21.304157 [debug] [ThreadPool]: Acquiring new duckdb connection 'list_warehouse'
[0m15:40:21.436402 [debug] [ThreadPool]: Using duckdb connection "list_warehouse"
[0m15:40:21.437061 [debug] [ThreadPool]: On list_warehouse: /* {"app": "dbt", "dbt_version": "1.12.5", "profile_name": "ai_data_engineer", "target_name": "dev", "connection_name": "list_warehouse"} */

    
    select schema_name
    from system.information_schema.schemata
    
    where lower(catalog_name) = '"warehouse"'
    
  
  
[0m15:40:21.438649 [debug] [ThreadPool]: Opening a new connection, currently in state init
[0m15:40:21.460633 [debug] [ThreadPool]: SQL status: OK in 0.022 seconds
[0m15:40:21.462722 [debug] [ThreadPool]: On list_warehouse: Close
[0m15:40:21.464118 [debug] [ThreadPool]: Re-using an available connection from the pool (formerly list_warehouse, now create_warehouse_main)
[0m15:40:21.464911 [debug] [ThreadPool]: Creating schema "database: "warehouse"
schema: "main"
"
[0m15:40:21.476750 [debug] [ThreadPool]: Using duckdb connection "create_warehouse_main"
[0m15:40:21.477499 [debug] [ThreadPool]: On create_warehouse_main: /* {"app": "dbt", "dbt_version": "1.12.5", "profile_name": "ai_data_engineer", "target_name": "dev", "connection_name": "create_warehouse_main"} */

    
        select type from duckdb_databases()
        where lower(database_name)='warehouse'
        and type != 'duckdb'
    
  
[0m15:40:21.477902 [debug] [ThreadPool]: Opening a new connection, currently in state closed
[0m15:40:21.480242 [debug] [ThreadPool]: SQL status: OK in 0.002 seconds
[0m15:40:21.482556 [debug] [ThreadPool]: Using duckdb connection "create_warehouse_main"
[0m15:40:21.483407 [debug] [ThreadPool]: On create_warehouse_main: BEGIN
[0m15:40:21.484718 [debug] [ThreadPool]: SQL status: OK in 0.001 seconds
[0m15:40:21.485619 [debug] [ThreadPool]: Using duckdb connection "create_warehouse_main"
[0m15:40:21.486284 [debug] [ThreadPool]: On create_warehouse_main: /* {"app": "dbt", "dbt_version": "1.12.5", "profile_name": "ai_data_engineer", "target_name": "dev", "connection_name": "create_warehouse_main"} */

    
    
        create schema if not exists "warehouse"."main"
    
[0m15:40:21.487454 [debug] [ThreadPool]: SQL status: OK in 0.001 seconds
[0m15:40:21.488966 [debug] [ThreadPool]: On create_warehouse_main: COMMIT
[0m15:40:21.489814 [debug] [ThreadPool]: Using duckdb connection "create_warehouse_main"
[0m15:40:21.490428 [debug] [ThreadPool]: On create_warehouse_main: COMMIT
[0m15:40:21.491357 [debug] [ThreadPool]: SQL status: OK in 0.000 seconds
[0m15:40:21.492116 [debug] [ThreadPool]: On create_warehouse_main: Close
[0m15:40:21.494880 [debug] [ThreadPool]: Re-using an available connection from the pool (formerly create_warehouse_main, now list_warehouse_main)
[0m15:40:21.504145 [debug] [ThreadPool]: Using duckdb connection "list_warehouse_main"
[0m15:40:21.504908 [debug] [ThreadPool]: On list_warehouse_main: BEGIN
[0m15:40:21.505300 [debug] [ThreadPool]: Opening a new connection, currently in state closed
[0m15:40:21.507584 [debug] [ThreadPool]: SQL status: OK in 0.002 seconds
[0m15:40:21.508562 [debug] [ThreadPool]: Using duckdb connection "list_warehouse_main"
[0m15:40:21.509247 [debug] [ThreadPool]: On list_warehouse_main: /* {"app": "dbt", "dbt_version": "1.12.5", "profile_name": "ai_data_engineer", "target_name": "dev", "connection_name": "list_warehouse_main"} */
select
      'warehouse' as database,
      table_name as name,
      table_schema as schema,
      CASE table_type
        WHEN 'BASE TABLE' THEN 'table'
        WHEN 'VIEW' THEN 'view'
        WHEN 'LOCAL TEMPORARY' THEN 'table'
        END as type
    from system.information_schema.tables
    where lower(table_schema) = 'main'
    and lower(table_catalog) = 'warehouse'
  
[0m15:40:21.514447 [debug] [ThreadPool]: SQL status: OK in 0.004 seconds
[0m15:40:21.516959 [debug] [ThreadPool]: On list_warehouse_main: ROLLBACK
[0m15:40:21.518695 [debug] [ThreadPool]: On list_warehouse_main: Close
[0m15:40:21.521583 [debug] [MainThread]: Sending event: {'category': 'dbt', 'action': 'runnable_timing', 'label': 'dcfa6628-c272-4663-b92f-c05686e7d22a', 'context': [<snowplow_tracker.self_describing_json.SelfDescribingJson object at 0x7942406d7c80>]}
[0m15:40:21.522824 [debug] [MainThread]: Using duckdb connection "master"
[0m15:40:21.523641 [debug] [MainThread]: On master: BEGIN
[0m15:40:21.524184 [debug] [MainThread]: Opening a new connection, currently in state init
[0m15:40:21.525570 [debug] [MainThread]: SQL status: OK in 0.001 seconds
[0m15:40:21.526492 [debug] [MainThread]: On master: COMMIT
[0m15:40:21.527019 [debug] [MainThread]: Using duckdb connection "master"
[0m15:40:21.527393 [debug] [MainThread]: On master: COMMIT
[0m15:40:21.528398 [debug] [MainThread]: SQL status: OK in 0.001 seconds
[0m15:40:21.529168 [debug] [MainThread]: On master: Close
[0m15:40:21.534966 [debug] [Thread-1 (]: Began running node model.ai_data_engineer.gold_crypto_daily
[0m15:40:21.536441 [info ] [Thread-1 (]: 1 of 2 START sql table model main.gold_crypto_daily ............................ [RUN]
[0m15:40:21.537590 [debug] [Thread-1 (]: Re-using an available connection from the pool (formerly list_warehouse_main, now model.ai_data_engineer.gold_crypto_daily)
[0m15:40:21.538488 [debug] [Thread-1 (]: Began compiling node model.ai_data_engineer.gold_crypto_daily
[0m15:40:21.549953 [debug] [Thread-1 (]: Writing injected SQL for node "model.ai_data_engineer.gold_crypto_daily"
[0m15:40:21.552895 [debug] [Thread-1 (]: Began executing node model.ai_data_engineer.gold_crypto_daily
[0m15:40:21.632184 [debug] [Thread-1 (]: Writing runtime sql for node "model.ai_data_engineer.gold_crypto_daily"
[0m15:40:21.633401 [debug] [Thread-1 (]: Using duckdb connection "model.ai_data_engineer.gold_crypto_daily"
[0m15:40:21.633929 [debug] [Thread-1 (]: On model.ai_data_engineer.gold_crypto_daily: BEGIN
[0m15:40:21.634366 [debug] [Thread-1 (]: Opening a new connection, currently in state closed
[0m15:40:21.635587 [debug] [Thread-1 (]: SQL status: OK in 0.001 seconds
[0m15:40:21.636098 [debug] [Thread-1 (]: Using duckdb connection "model.ai_data_engineer.gold_crypto_daily"
[0m15:40:21.639908 [debug] [Thread-1 (]: On model.ai_data_engineer.gold_crypto_daily: /* {"app": "dbt", "dbt_version": "1.12.5", "profile_name": "ai_data_engineer", "target_name": "dev", "node_id": "model.ai_data_engineer.gold_crypto_daily"} */

    

    create  table
      "warehouse"."main"."gold_crypto_daily__dbt_tmp"
  
    
    as (
      
-- gold_crypto_daily (v1)
-- Mart: one row per coin per day. OHLC approximated from intra-day snapshots
-- (ingest runs every ~6h, so 2-4 snapshots/day): open = first snapshot price,
-- close = last snapshot price, high/low = min/max.
-- Grain key: (coin_id, market_date). Idempotent full refresh.
WITH ordered AS (
    SELECT
        coin_id,
        symbol,
        name,
        CAST(snapshot_ts AS DATE) AS market_date,
        snapshot_ts,
        current_price,
        market_cap,
        total_volume,
        price_change_percentage_24h,
        ROW_NUMBER() OVER (PARTITION BY coin_id, CAST(snapshot_ts AS DATE)
                           ORDER BY snapshot_ts ASC)  AS rn_asc,
        ROW_NUMBER() OVER (PARTITION BY coin_id, CAST(snapshot_ts AS DATE)
                           ORDER BY snapshot_ts DESC) AS rn_desc
    FROM "warehouse"."main"."silver_crypto"
),
agg AS (
    SELECT
        coin_id,
        CAST(snapshot_ts AS DATE) AS market_date,
        MAX(symbol) AS symbol,
        MAX(name)   AS coin_name,
        COUNT(*)    AS snapshot_count,
        MIN(current_price) AS low_price,
        MAX(current_price) AS high_price,
        AVG(current_price) AS avg_price,
        AVG(total_volume)  AS avg_volume,
        AVG(market_cap)    AS avg_market_cap,
        MAX(ingested_at)   AS last_ingested_at
    FROM "warehouse"."main"."silver_crypto"
    GROUP BY coin_id, CAST(snapshot_ts AS DATE)
)
SELECT
    md5(a.coin_id || '|' || CAST(a.market_date AS VARCHAR)) AS crypto_daily_sk,
    a.coin_id,
    a.symbol,
    a.coin_name,
    a.market_date,
    o_open.current_price  AS open_price,
    o_close.current_price AS close_price,
    a.low_price,
    a.high_price,
    a.avg_price,
    a.avg_volume,
    a.avg_market_cap,
    o_close.price_change_percentage_24h AS change_24h_pct,
    a.snapshot_count,
    a.last_ingested_at
FROM agg a
LEFT JOIN ordered o_open
  ON o_open.coin_id = a.coin_id
 AND CAST(o_open.snapshot_ts AS DATE) = a.market_date
 AND o_open.rn_asc = 1
LEFT JOIN ordered o_close
  ON o_close.coin_id = a.coin_id
 AND CAST(o_close.snapshot_ts AS DATE) = a.market_date
 AND o_close.rn_desc = 1
    );
    
  
[0m15:40:21.656556 [debug] [Thread-1 (]: SQL status: OK in 0.016 seconds
[0m15:40:21.665175 [debug] [Thread-1 (]: Using duckdb connection "model.ai_data_engineer.gold_crypto_daily"
[0m15:40:21.666138 [debug] [Thread-1 (]: On model.ai_data_engineer.gold_crypto_daily: /* {"app": "dbt", "dbt_version": "1.12.5", "profile_name": "ai_data_engineer", "target_name": "dev", "node_id": "model.ai_data_engineer.gold_crypto_daily"} */
alter table "warehouse"."main"."gold_crypto_daily__dbt_tmp" rename to "gold_crypto_daily"
[0m15:40:21.667648 [debug] [Thread-1 (]: SQL status: OK in 0.001 seconds
[0m15:40:21.692634 [debug] [Thread-1 (]: On model.ai_data_engineer.gold_crypto_daily: COMMIT
[0m15:40:21.706658 [debug] [Thread-1 (]: Using duckdb connection "model.ai_data_engineer.gold_crypto_daily"
[0m15:40:21.707605 [debug] [Thread-1 (]: On model.ai_data_engineer.gold_crypto_daily: COMMIT
[0m15:40:21.731917 [debug] [Thread-1 (]: SQL status: OK in 0.023 seconds
[0m15:40:21.739437 [debug] [Thread-1 (]: Using duckdb connection "model.ai_data_engineer.gold_crypto_daily"
[0m15:40:21.740413 [debug] [Thread-1 (]: On model.ai_data_engineer.gold_crypto_daily: /* {"app": "dbt", "dbt_version": "1.12.5", "profile_name": "ai_data_engineer", "target_name": "dev", "node_id": "model.ai_data_engineer.gold_crypto_daily"} */

      drop table if exists "warehouse"."main"."gold_crypto_daily__dbt_backup" cascade
    
[0m15:40:21.741783 [debug] [Thread-1 (]: SQL status: OK in 0.001 seconds
[0m15:40:21.745646 [debug] [Thread-1 (]: On model.ai_data_engineer.gold_crypto_daily: Close
[0m15:40:21.748039 [debug] [Thread-1 (]: Sending event: {'category': 'dbt', 'action': 'run_model', 'label': 'dcfa6628-c272-4663-b92f-c05686e7d22a', 'context': [<snowplow_tracker.self_describing_json.SelfDescribingJson object at 0x794240418260>]}
[0m15:40:21.749052 [info ] [Thread-1 (]: 1 of 2 OK created sql table model main.gold_crypto_daily ....................... [[32mOK[0m in 0.21s]
[0m15:40:21.749879 [debug] [Thread-1 (]: Finished running node model.ai_data_engineer.gold_crypto_daily
[0m15:40:21.750458 [debug] [Thread-1 (]: Began running node model.ai_data_engineer.gold_weather_hourly
[0m15:40:21.751125 [info ] [Thread-1 (]: 2 of 2 START sql table model main.gold_weather_hourly .......................... [RUN]
[0m15:40:21.751872 [debug] [Thread-1 (]: Re-using an available connection from the pool (formerly model.ai_data_engineer.gold_crypto_daily, now model.ai_data_engineer.gold_weather_hourly)
[0m15:40:21.752354 [debug] [Thread-1 (]: Began compiling node model.ai_data_engineer.gold_weather_hourly
[0m15:40:21.755761 [debug] [Thread-1 (]: Writing injected SQL for node "model.ai_data_engineer.gold_weather_hourly"
[0m15:40:21.756549 [debug] [Thread-1 (]: Began executing node model.ai_data_engineer.gold_weather_hourly
[0m15:40:21.760040 [debug] [Thread-1 (]: Writing runtime sql for node "model.ai_data_engineer.gold_weather_hourly"
[0m15:40:21.761090 [debug] [Thread-1 (]: Using duckdb connection "model.ai_data_engineer.gold_weather_hourly"
[0m15:40:21.761690 [debug] [Thread-1 (]: On model.ai_data_engineer.gold_weather_hourly: BEGIN
[0m15:40:21.762103 [debug] [Thread-1 (]: Opening a new connection, currently in state closed
[0m15:40:21.763019 [debug] [Thread-1 (]: SQL status: OK in 0.001 seconds
[0m15:40:21.763507 [debug] [Thread-1 (]: Using duckdb connection "model.ai_data_engineer.gold_weather_hourly"
[0m15:40:21.763911 [debug] [Thread-1 (]: On model.ai_data_engineer.gold_weather_hourly: /* {"app": "dbt", "dbt_version": "1.12.5", "profile_name": "ai_data_engineer", "target_name": "dev", "node_id": "model.ai_data_engineer.gold_weather_hourly"} */

    

    create  table
      "warehouse"."main"."gold_weather_hourly__dbt_tmp"
  
    
    as (
      
-- gold_weather_hourly (v1)
-- Mart: one row per city per hour (latest observation wins on re-delivery).
-- Enriched with the city's daily min/max for context.
-- Grain key: (city, hour_ts). Idempotent full refresh.
WITH daily AS (
    SELECT
        city,
        CAST(hour_ts AS DATE) AS weather_date,
        MIN(temperature_2m) AS day_min_temp_c,
        MAX(temperature_2m) AS day_max_temp_c
    FROM "warehouse"."main"."silver_weather"
    GROUP BY city, CAST(hour_ts AS DATE)
)
SELECT
    s.weather_hour_sk,
    s.city,
    s.hour_ts,
    s.temperature_2m AS temp_c,
    d.day_min_temp_c,
    d.day_max_temp_c,
    s.latitude,
    s.longitude,
    s._run_id AS source_run_id,
    s.ingested_at
FROM "warehouse"."main"."silver_weather" s
JOIN daily d
  ON d.city = s.city
 AND d.weather_date = CAST(s.hour_ts AS DATE)
    );
    
  
[0m15:40:21.770889 [debug] [Thread-1 (]: SQL status: OK in 0.006 seconds
[0m15:40:21.773875 [debug] [Thread-1 (]: Using duckdb connection "model.ai_data_engineer.gold_weather_hourly"
[0m15:40:21.774406 [debug] [Thread-1 (]: On model.ai_data_engineer.gold_weather_hourly: /* {"app": "dbt", "dbt_version": "1.12.5", "profile_name": "ai_data_engineer", "target_name": "dev", "node_id": "model.ai_data_engineer.gold_weather_hourly"} */
alter table "warehouse"."main"."gold_weather_hourly__dbt_tmp" rename to "gold_weather_hourly"
[0m15:40:21.775418 [debug] [Thread-1 (]: SQL status: OK in 0.001 seconds
[0m15:40:21.777538 [debug] [Thread-1 (]: On model.ai_data_engineer.gold_weather_hourly: COMMIT
[0m15:40:21.778036 [debug] [Thread-1 (]: Using duckdb connection "model.ai_data_engineer.gold_weather_hourly"
[0m15:40:21.778450 [debug] [Thread-1 (]: On model.ai_data_engineer.gold_weather_hourly: COMMIT
[0m15:40:21.801846 [debug] [Thread-1 (]: SQL status: OK in 0.023 seconds
[0m15:40:21.804059 [debug] [Thread-1 (]: Using duckdb connection "model.ai_data_engineer.gold_weather_hourly"
[0m15:40:21.804540 [debug] [Thread-1 (]: On model.ai_data_engineer.gold_weather_hourly: /* {"app": "dbt", "dbt_version": "1.12.5", "profile_name": "ai_data_engineer", "target_name": "dev", "node_id": "model.ai_data_engineer.gold_weather_hourly"} */

      drop table if exists "warehouse"."main"."gold_weather_hourly__dbt_backup" cascade
    
[0m15:40:21.805432 [debug] [Thread-1 (]: SQL status: OK in 0.000 seconds
[0m15:40:21.807104 [debug] [Thread-1 (]: On model.ai_data_engineer.gold_weather_hourly: Close
[0m15:40:21.807866 [debug] [Thread-1 (]: Sending event: {'category': 'dbt', 'action': 'run_model', 'label': 'dcfa6628-c272-4663-b92f-c05686e7d22a', 'context': [<snowplow_tracker.self_describing_json.SelfDescribingJson object at 0x79423b35b950>]}
[0m15:40:21.808673 [info ] [Thread-1 (]: 2 of 2 OK created sql table model main.gold_weather_hourly ..................... [[32mOK[0m in 0.06s]
[0m15:40:21.809370 [debug] [Thread-1 (]: Finished running node model.ai_data_engineer.gold_weather_hourly
[0m15:40:21.811719 [debug] [MainThread]: Using duckdb connection "master"
[0m15:40:21.812488 [debug] [MainThread]: On master: BEGIN
[0m15:40:21.812910 [debug] [MainThread]: Opening a new connection, currently in state closed
[0m15:40:21.813917 [debug] [MainThread]: SQL status: OK in 0.001 seconds
[0m15:40:21.814449 [debug] [MainThread]: On master: COMMIT
[0m15:40:21.814888 [debug] [MainThread]: Using duckdb connection "master"
[0m15:40:21.815235 [debug] [MainThread]: On master: COMMIT
[0m15:40:21.815886 [debug] [MainThread]: SQL status: OK in 0.000 seconds
[0m15:40:21.816409 [debug] [MainThread]: On master: Close
[0m15:40:21.816974 [debug] [MainThread]: Connection 'master' was properly closed.
[0m15:40:21.817361 [debug] [MainThread]: Connection 'model.ai_data_engineer.gold_weather_hourly' was properly closed.
[0m15:40:21.817815 [info ] [MainThread]: 
[0m15:40:21.818234 [info ] [MainThread]: Finished running 2 table models in 0 hours 0 minutes and 0.52 seconds (0.52s).
[0m15:40:21.819269 [debug] [MainThread]: Command end result
[0m15:40:21.869151 [debug] [MainThread]: Wrote artifact WritableManifest to /home/hatch/workspace/ai-data-engineer/target/manifest.json
[0m15:40:21.872879 [debug] [MainThread]: Wrote artifact SemanticManifest to /home/hatch/workspace/ai-data-engineer/target/semantic_manifest.json
[0m15:40:21.876245 [debug] [MainThread]: Wrote artifact OsiDocument to /home/hatch/workspace/ai-data-engineer/target/osi_document.json
[0m15:40:21.885634 [debug] [MainThread]: Wrote artifact RunExecutionResult to /home/hatch/workspace/ai-data-engineer/target/run_results.json
[0m15:40:21.886213 [info ] [MainThread]: 
[0m15:40:21.886720 [info ] [MainThread]: [32mCompleted successfully[0m
[0m15:40:21.887110 [info ] [MainThread]: 
[0m15:40:21.887537 [info ] [MainThread]: Done. PASS=2 WARN=0 ERROR=0 SKIP=0 NO-OP=0 REUSED=0 TOTAL=2
[0m15:40:21.888788 [debug] [MainThread]: Resource report: {"command_name": "build", "command_success": true, "command_wall_clock_time": 1.581886, "process_in_blocks": "0", "process_kernel_time": 0.259712, "process_mem_max_rss": "172944", "process_out_blocks": "3008", "process_user_time": 3.173356}
[0m15:40:21.889480 [debug] [MainThread]: Command `dbt build` succeeded at 15:40:21.889360 after 1.58 seconds
[0m15:40:21.889933 [debug] [MainThread]: Sending event: {'category': 'dbt', 'action': 'invocation', 'label': 'end', 'context': [<snowplow_tracker.self_describing_json.SelfDescribingJson object at 0x794245a91a30>, <snowplow_tracker.self_describing_json.SelfDescribingJson object at 0x7942462dfe30>, <snowplow_tracker.self_describing_json.SelfDescribingJson object at 0x7942462de690>]}
[0m15:40:21.890438 [debug] [MainThread]: Flushing usage events
[0m15:40:22.373342 [debug] [MainThread]: An error was encountered while trying to flush usage events
[0m15:40:33.714027 [debug] [MainThread]: Sending event: {'category': 'dbt', 'action': 'invocation', 'label': 'start', 'context': [<snowplow_tracker.self_describing_json.SelfDescribingJson object at 0x734dcad4ee70>, <snowplow_tracker.self_describing_json.SelfDescribingJson object at 0x734dccc53770>, <snowplow_tracker.self_describing_json.SelfDescribingJson object at 0x734dcaeefa70>]}


============================== 15:40:33.720169 | df4d96c6-f99a-4b7c-acf2-8e1518004606 ==============================
[0m15:40:33.720169 [info ] [MainThread]: Running with dbt=1.12.5
[0m15:40:33.720976 [debug] [MainThread]: running dbt with arguments {'fail_fast': 'False', 'write_json': 'True', 'partial_parse': 'True', 'warn_error': 'None', 'log_cache_events': 'False', 'quiet': 'False', 'use_colors': 'True', 'no_print': 'None', 'use_experimental_parser': 'False', 'log_format': 'default', 'empty': 'False', 'invocation_command': 'dbt build --select tag:silver --target dev --project-dir /home/hatch/workspace/ai-data-engineer --profiles-dir /home/hatch/workspace/ai-data-engineer', 'printer_width': '80', 'maximum_seed_size_mib': '1', 'log_path': '/home/hatch/workspace/ai-data-engineer/logs', 'warn_error_options': 'WarnErrorOptionsV2(error=[], warn=[], silence=[])', 'target_path': 'None', 'hints_enabled': 'True', 'send_anonymous_usage_stats': 'True', 'debug': 'False', 'indirect_selection': 'eager', 'version_check': 'True', 'profiles_dir': '/home/hatch/workspace/ai-data-engineer', 'static_parser': 'True', 'introspect': 'True', 'cache_selected_only': 'False'}
[0m15:40:34.022185 [debug] [MainThread]: Sending event: {'category': 'dbt', 'action': 'project_id', 'label': 'df4d96c6-f99a-4b7c-acf2-8e1518004606', 'context': [<snowplow_tracker.self_describing_json.SelfDescribingJson object at 0x734dc9a70d10>]}
[0m15:40:34.113750 [debug] [MainThread]: Sending event: {'category': 'dbt', 'action': 'adapter_info', 'label': 'df4d96c6-f99a-4b7c-acf2-8e1518004606', 'context': [<snowplow_tracker.self_describing_json.SelfDescribingJson object at 0x734dc9d1ed20>]}
[0m15:40:34.116834 [info ] [MainThread]: Registered adapter: duckdb=1.11.0
[0m15:40:34.215685 [debug] [MainThread]: checksum: 14f0a8ae585d54b9c5b9cbf5af4069f390387b877109f247078c6a56c7c26b8a, vars: {}, profile: ai_data_engineer, target: dev, version: 1.12.5
[0m15:40:34.355386 [debug] [MainThread]: Partial parsing enabled: 0 files deleted, 0 files added, 0 files changed.
[0m15:40:34.356061 [debug] [MainThread]: Nothing changed, skipping partial parsing.
[0m15:40:34.356466 [debug] [MainThread]: Partial parsing enabled, no changes found, skipping parsing
[0m15:40:34.370502 [debug] [MainThread]: Sending event: {'category': 'dbt', 'action': 'load_project', 'label': 'df4d96c6-f99a-4b7c-acf2-8e1518004606', 'context': [<snowplow_tracker.self_describing_json.SelfDescribingJson object at 0x734dc4b9eb70>]}
[0m15:40:34.527272 [debug] [MainThread]: Wrote artifact WritableManifest to /home/hatch/workspace/ai-data-engineer/target/manifest.json
[0m15:40:34.531007 [debug] [MainThread]: Wrote artifact SemanticManifest to /home/hatch/workspace/ai-data-engineer/target/semantic_manifest.json
[0m15:40:34.547623 [debug] [MainThread]: Wrote artifact OsiDocument to /home/hatch/workspace/ai-data-engineer/target/osi_document.json
[0m15:40:34.573331 [debug] [MainThread]: Sending event: {'category': 'dbt', 'action': 'resource_counts', 'label': 'df4d96c6-f99a-4b7c-acf2-8e1518004606', 'context': [<snowplow_tracker.self_describing_json.SelfDescribingJson object at 0x734dc43a7aa0>]}
[0m15:40:34.574058 [info ] [MainThread]: Found 4 models, 2 sources, 500 macros
[0m15:40:34.576553 [info ] [MainThread]: 
[0m15:40:34.577124 [info ] [MainThread]: Concurrency: 1 threads (target='dev')
[0m15:40:34.577525 [info ] [MainThread]: 
[0m15:40:34.578190 [debug] [MainThread]: Acquiring new duckdb connection 'master'
[0m15:40:34.585201 [debug] [ThreadPool]: Acquiring new duckdb connection 'list_warehouse'
[0m15:40:34.725447 [debug] [ThreadPool]: Using duckdb connection "list_warehouse"
[0m15:40:34.726136 [debug] [ThreadPool]: On list_warehouse: /* {"app": "dbt", "dbt_version": "1.12.5", "profile_name": "ai_data_engineer", "target_name": "dev", "connection_name": "list_warehouse"} */

    
    select schema_name
    from system.information_schema.schemata
    
    where lower(catalog_name) = '"warehouse"'
    
  
  
[0m15:40:34.726950 [debug] [ThreadPool]: Opening a new connection, currently in state init
[0m15:40:34.747972 [debug] [ThreadPool]: SQL status: OK in 0.021 seconds
[0m15:40:34.750035 [debug] [ThreadPool]: On list_warehouse: Close
[0m15:40:34.751337 [debug] [ThreadPool]: Re-using an available connection from the pool (formerly list_warehouse, now create_warehouse_main)
[0m15:40:34.752112 [debug] [ThreadPool]: Creating schema "database: "warehouse"
schema: "main"
"
[0m15:40:34.763078 [debug] [ThreadPool]: Using duckdb connection "create_warehouse_main"
[0m15:40:34.763753 [debug] [ThreadPool]: On create_warehouse_main: /* {"app": "dbt", "dbt_version": "1.12.5", "profile_name": "ai_data_engineer", "target_name": "dev", "connection_name": "create_warehouse_main"} */

    
        select type from duckdb_databases()
        where lower(database_name)='warehouse'
        and type != 'duckdb'
    
  
[0m15:40:34.764248 [debug] [ThreadPool]: Opening a new connection, currently in state closed
[0m15:40:34.766685 [debug] [ThreadPool]: SQL status: OK in 0.002 seconds
[0m15:40:34.768703 [debug] [ThreadPool]: Using duckdb connection "create_warehouse_main"
[0m15:40:34.769362 [debug] [ThreadPool]: On create_warehouse_main: BEGIN
[0m15:40:34.770151 [debug] [ThreadPool]: SQL status: OK in 0.000 seconds
[0m15:40:34.770711 [debug] [ThreadPool]: Using duckdb connection "create_warehouse_main"
[0m15:40:34.771135 [debug] [ThreadPool]: On create_warehouse_main: /* {"app": "dbt", "dbt_version": "1.12.5", "profile_name": "ai_data_engineer", "target_name": "dev", "connection_name": "create_warehouse_main"} */

    
    
        create schema if not exists "warehouse"."main"
    
[0m15:40:34.771996 [debug] [ThreadPool]: SQL status: OK in 0.000 seconds
[0m15:40:34.773560 [debug] [ThreadPool]: On create_warehouse_main: COMMIT
[0m15:40:34.774159 [debug] [ThreadPool]: Using duckdb connection "create_warehouse_main"
[0m15:40:34.774674 [debug] [ThreadPool]: On create_warehouse_main: COMMIT
[0m15:40:34.775431 [debug] [ThreadPool]: SQL status: OK in 0.000 seconds
[0m15:40:34.775990 [debug] [ThreadPool]: On create_warehouse_main: Close
[0m15:40:34.778185 [debug] [ThreadPool]: Re-using an available connection from the pool (formerly create_warehouse_main, now list_warehouse_main)
[0m15:40:34.784451 [debug] [ThreadPool]: Using duckdb connection "list_warehouse_main"
[0m15:40:34.784937 [debug] [ThreadPool]: On list_warehouse_main: BEGIN
[0m15:40:34.785289 [debug] [ThreadPool]: Opening a new connection, currently in state closed
[0m15:40:34.786106 [debug] [ThreadPool]: SQL status: OK in 0.001 seconds
[0m15:40:34.786539 [debug] [ThreadPool]: Using duckdb connection "list_warehouse_main"
[0m15:40:34.786864 [debug] [ThreadPool]: On list_warehouse_main: /* {"app": "dbt", "dbt_version": "1.12.5", "profile_name": "ai_data_engineer", "target_name": "dev", "connection_name": "list_warehouse_main"} */
select
      'warehouse' as database,
      table_name as name,
      table_schema as schema,
      CASE table_type
        WHEN 'BASE TABLE' THEN 'table'
        WHEN 'VIEW' THEN 'view'
        WHEN 'LOCAL TEMPORARY' THEN 'table'
        END as type
    from system.information_schema.tables
    where lower(table_schema) = 'main'
    and lower(table_catalog) = 'warehouse'
  
[0m15:40:34.791158 [debug] [ThreadPool]: SQL status: OK in 0.004 seconds
[0m15:40:34.792950 [debug] [ThreadPool]: On list_warehouse_main: ROLLBACK
[0m15:40:34.793737 [debug] [ThreadPool]: On list_warehouse_main: Close
[0m15:40:34.796533 [debug] [MainThread]: Sending event: {'category': 'dbt', 'action': 'runnable_timing', 'label': 'df4d96c6-f99a-4b7c-acf2-8e1518004606', 'context': [<snowplow_tracker.self_describing_json.SelfDescribingJson object at 0x734dc991ecc0>]}
[0m15:40:34.797434 [debug] [MainThread]: Using duckdb connection "master"
[0m15:40:34.797903 [debug] [MainThread]: On master: BEGIN
[0m15:40:34.798274 [debug] [MainThread]: Opening a new connection, currently in state init
[0m15:40:34.799494 [debug] [MainThread]: SQL status: OK in 0.001 seconds
[0m15:40:34.799991 [debug] [MainThread]: On master: COMMIT
[0m15:40:34.800350 [debug] [MainThread]: Using duckdb connection "master"
[0m15:40:34.800659 [debug] [MainThread]: On master: COMMIT
[0m15:40:34.801281 [debug] [MainThread]: SQL status: OK in 0.000 seconds
[0m15:40:34.801724 [debug] [MainThread]: On master: Close
[0m15:40:34.804927 [debug] [Thread-1 (]: Began running node model.ai_data_engineer.silver_crypto
[0m15:40:34.805740 [info ] [Thread-1 (]: 1 of 2 START sql table model main.silver_crypto ................................ [RUN]
[0m15:40:34.806604 [debug] [Thread-1 (]: Re-using an available connection from the pool (formerly list_warehouse_main, now model.ai_data_engineer.silver_crypto)
[0m15:40:34.807493 [debug] [Thread-1 (]: Began compiling node model.ai_data_engineer.silver_crypto
[0m15:40:34.816359 [debug] [Thread-1 (]: Writing injected SQL for node "model.ai_data_engineer.silver_crypto"
[0m15:40:34.817753 [debug] [Thread-1 (]: Began executing node model.ai_data_engineer.silver_crypto
[0m15:40:34.853846 [debug] [Thread-1 (]: Using duckdb connection "model.ai_data_engineer.silver_crypto"
[0m15:40:34.854835 [debug] [Thread-1 (]: On model.ai_data_engineer.silver_crypto: BEGIN
[0m15:40:34.855556 [debug] [Thread-1 (]: Opening a new connection, currently in state closed
[0m15:40:34.856834 [debug] [Thread-1 (]: SQL status: OK in 0.001 seconds
[0m15:40:34.857654 [debug] [Thread-1 (]: Using duckdb connection "model.ai_data_engineer.silver_crypto"
[0m15:40:34.858336 [debug] [Thread-1 (]: On model.ai_data_engineer.silver_crypto: /* {"app": "dbt", "dbt_version": "1.12.5", "profile_name": "ai_data_engineer", "target_name": "dev", "node_id": "model.ai_data_engineer.silver_crypto"} */

        ALTER TABLE bronze_crypto ADD COLUMN IF NOT EXISTS volume_24h DOUBLE
      
[0m15:40:34.859571 [debug] [Thread-1 (]: SQL status: OK in 0.001 seconds
[0m15:40:34.889008 [debug] [Thread-1 (]: Writing runtime sql for node "model.ai_data_engineer.silver_crypto"
[0m15:40:34.890421 [debug] [Thread-1 (]: Using duckdb connection "model.ai_data_engineer.silver_crypto"
[0m15:40:34.891218 [debug] [Thread-1 (]: On model.ai_data_engineer.silver_crypto: /* {"app": "dbt", "dbt_version": "1.12.5", "profile_name": "ai_data_engineer", "target_name": "dev", "node_id": "model.ai_data_engineer.silver_crypto"} */

    

    create  table
      "warehouse"."main"."silver_crypto__dbt_tmp"
  
    
    as (
      
-- silver_crypto (v1)
-- Staging: dedupe on natural key (coin_id, snapshot_ts), cast types,
-- standardize timestamps to UTC, add surrogate key.
-- Full refresh, idempotent: re-running on the same bronze yields identical silver.
--
-- SCHEMA DRIFT CONTRACT (pre-hook above): the CoinGecko feed once renamed
-- total_volume -> volume_24h mid-day. The loader preserves both raw columns;
-- staging coalesces them so downstream never breaks.
WITH ranked AS (
    SELECT
        coin_id,
        symbol,
        name,
        TRY_CAST(current_price AS DOUBLE)              AS current_price,
        TRY_CAST(market_cap AS DOUBLE)                 AS market_cap,
        -- drift-tolerant: prefer the canonical field, fall back to the alias
        COALESCE(TRY_CAST(total_volume AS DOUBLE),
                 TRY_CAST(volume_24h AS DOUBLE))       AS total_volume,
        TRY_CAST(price_change_percentage_24h AS DOUBLE) AS price_change_percentage_24h,
        -- CoinGecko last_updated is ISO-8601 with offset; normalize to UTC.
        CAST(last_updated AS TIMESTAMPTZ) AT TIME ZONE 'UTC' AS snapshot_ts,
        vs_currency,
        _run_id,
        CAST(_ingested_at AS TIMESTAMPTZ) AT TIME ZONE 'UTC' AS ingested_at,
        ROW_NUMBER() OVER (
            PARTITION BY coin_id, CAST(last_updated AS TIMESTAMPTZ) AT TIME ZONE 'UTC'
            ORDER BY CAST(_ingested_at AS TIMESTAMPTZ) DESC
        ) AS rn
    FROM "warehouse"."main"."bronze_crypto"
)
SELECT
    md5(coin_id || '|' || CAST(snapshot_ts AS VARCHAR)) AS crypto_snapshot_sk,
    coin_id,
    symbol,
    name,
    current_price,
    market_cap,
    total_volume,
    price_change_percentage_24h,
    snapshot_ts,
    vs_currency,
    _run_id,
    ingested_at
FROM ranked
WHERE rn = 1
    );
    
  
[0m15:40:34.900817 [debug] [Thread-1 (]: SQL status: OK in 0.009 seconds
[0m15:40:34.907227 [debug] [Thread-1 (]: Using duckdb connection "model.ai_data_engineer.silver_crypto"
[0m15:40:34.908110 [debug] [Thread-1 (]: On model.ai_data_engineer.silver_crypto: /* {"app": "dbt", "dbt_version": "1.12.5", "profile_name": "ai_data_engineer", "target_name": "dev", "node_id": "model.ai_data_engineer.silver_crypto"} */

    SELECT index_name
    FROM duckdb_indexes()
    WHERE database_name = 'warehouse'
      AND schema_name = 'main'
      AND table_name = 'silver_crypto'
  
[0m15:40:34.909811 [debug] [Thread-1 (]: SQL status: OK in 0.001 seconds
[0m15:40:34.917213 [debug] [Thread-1 (]: Using duckdb connection "model.ai_data_engineer.silver_crypto"
[0m15:40:34.918086 [debug] [Thread-1 (]: On model.ai_data_engineer.silver_crypto: /* {"app": "dbt", "dbt_version": "1.12.5", "profile_name": "ai_data_engineer", "target_name": "dev", "node_id": "model.ai_data_engineer.silver_crypto"} */
alter table "warehouse"."main"."silver_crypto" rename to "silver_crypto__dbt_backup"
[0m15:40:34.919347 [debug] [Thread-1 (]: SQL status: OK in 0.001 seconds
[0m15:40:34.922584 [debug] [Thread-1 (]: Using duckdb connection "model.ai_data_engineer.silver_crypto"
[0m15:40:34.923393 [debug] [Thread-1 (]: On model.ai_data_engineer.silver_crypto: /* {"app": "dbt", "dbt_version": "1.12.5", "profile_name": "ai_data_engineer", "target_name": "dev", "node_id": "model.ai_data_engineer.silver_crypto"} */
alter table "warehouse"."main"."silver_crypto__dbt_tmp" rename to "silver_crypto"
[0m15:40:34.924587 [debug] [Thread-1 (]: SQL status: OK in 0.000 seconds
[0m15:40:34.949140 [debug] [Thread-1 (]: On model.ai_data_engineer.silver_crypto: COMMIT
[0m15:40:34.949872 [debug] [Thread-1 (]: Using duckdb connection "model.ai_data_engineer.silver_crypto"
[0m15:40:34.950357 [debug] [Thread-1 (]: On model.ai_data_engineer.silver_crypto: COMMIT
[0m15:40:34.973166 [debug] [Thread-1 (]: SQL status: OK in 0.022 seconds
[0m15:40:34.979359 [debug] [Thread-1 (]: Using duckdb connection "model.ai_data_engineer.silver_crypto"
[0m15:40:34.979901 [debug] [Thread-1 (]: On model.ai_data_engineer.silver_crypto: /* {"app": "dbt", "dbt_version": "1.12.5", "profile_name": "ai_data_engineer", "target_name": "dev", "node_id": "model.ai_data_engineer.silver_crypto"} */

      drop table if exists "warehouse"."main"."silver_crypto__dbt_backup" cascade
    
[0m15:40:35.000409 [debug] [Thread-1 (]: SQL status: OK in 0.020 seconds
[0m15:40:35.005090 [debug] [Thread-1 (]: On model.ai_data_engineer.silver_crypto: Close
[0m15:40:35.008288 [debug] [Thread-1 (]: Sending event: {'category': 'dbt', 'action': 'run_model', 'label': 'df4d96c6-f99a-4b7c-acf2-8e1518004606', 'context': [<snowplow_tracker.self_describing_json.SelfDescribingJson object at 0x734dc4041280>]}
[0m15:40:35.009522 [info ] [Thread-1 (]: 1 of 2 OK created sql table model main.silver_crypto ........................... [[32mOK[0m in 0.20s]
[0m15:40:35.010471 [debug] [Thread-1 (]: Finished running node model.ai_data_engineer.silver_crypto
[0m15:40:35.011157 [debug] [Thread-1 (]: Began running node model.ai_data_engineer.silver_weather
[0m15:40:35.011971 [info ] [Thread-1 (]: 2 of 2 START sql table model main.silver_weather ............................... [RUN]
[0m15:40:35.012616 [debug] [Thread-1 (]: Re-using an available connection from the pool (formerly model.ai_data_engineer.silver_crypto, now model.ai_data_engineer.silver_weather)
[0m15:40:35.013096 [debug] [Thread-1 (]: Began compiling node model.ai_data_engineer.silver_weather
[0m15:40:35.016526 [debug] [Thread-1 (]: Writing injected SQL for node "model.ai_data_engineer.silver_weather"
[0m15:40:35.017334 [debug] [Thread-1 (]: Began executing node model.ai_data_engineer.silver_weather
[0m15:40:35.023028 [debug] [Thread-1 (]: Writing runtime sql for node "model.ai_data_engineer.silver_weather"
[0m15:40:35.023836 [debug] [Thread-1 (]: Using duckdb connection "model.ai_data_engineer.silver_weather"
[0m15:40:35.024356 [debug] [Thread-1 (]: On model.ai_data_engineer.silver_weather: BEGIN
[0m15:40:35.024735 [debug] [Thread-1 (]: Opening a new connection, currently in state closed
[0m15:40:35.025782 [debug] [Thread-1 (]: SQL status: OK in 0.001 seconds
[0m15:40:35.026296 [debug] [Thread-1 (]: Using duckdb connection "model.ai_data_engineer.silver_weather"
[0m15:40:35.026752 [debug] [Thread-1 (]: On model.ai_data_engineer.silver_weather: /* {"app": "dbt", "dbt_version": "1.12.5", "profile_name": "ai_data_engineer", "target_name": "dev", "node_id": "model.ai_data_engineer.silver_weather"} */

    

    create  table
      "warehouse"."main"."silver_weather__dbt_tmp"
  
    
    as (
      
-- silver_weather (v1)
-- Staging: dedupe on natural key (city, hour_ts), cast types,
-- add surrogate key. Open-Meteo already returns UTC hourly grain.
-- Full refresh, idempotent.
WITH ranked AS (
    SELECT
        city,
        TRY_CAST(latitude AS DOUBLE)  AS latitude,
        TRY_CAST(longitude AS DOUBLE) AS longitude,
        CAST(hour_ts AS TIMESTAMP)    AS hour_ts,   -- already UTC ISO
        TRY_CAST(temperature_2m AS DOUBLE) AS temperature_2m,
        _run_id,
        CAST(_ingested_at AS TIMESTAMPTZ) AT TIME ZONE 'UTC' AS ingested_at,
        ROW_NUMBER() OVER (
            PARTITION BY city, CAST(hour_ts AS TIMESTAMP)
            ORDER BY CAST(_ingested_at AS TIMESTAMPTZ) DESC
        ) AS rn
    FROM "warehouse"."main"."bronze_weather"
)
SELECT
    md5(city || '|' || CAST(hour_ts AS VARCHAR)) AS weather_hour_sk,
    city,
    latitude,
    longitude,
    hour_ts,
    temperature_2m,
    _run_id,
    ingested_at
FROM ranked
WHERE rn = 1
    );
    
  
[0m15:40:35.036614 [debug] [Thread-1 (]: SQL status: OK in 0.009 seconds
[0m15:40:35.038261 [debug] [Thread-1 (]: Using duckdb connection "model.ai_data_engineer.silver_weather"
[0m15:40:35.038867 [debug] [Thread-1 (]: On model.ai_data_engineer.silver_weather: /* {"app": "dbt", "dbt_version": "1.12.5", "profile_name": "ai_data_engineer", "target_name": "dev", "node_id": "model.ai_data_engineer.silver_weather"} */

    SELECT index_name
    FROM duckdb_indexes()
    WHERE database_name = 'warehouse'
      AND schema_name = 'main'
      AND table_name = 'silver_weather'
  
[0m15:40:35.040470 [debug] [Thread-1 (]: SQL status: OK in 0.001 seconds
[0m15:40:35.043821 [debug] [Thread-1 (]: Using duckdb connection "model.ai_data_engineer.silver_weather"
[0m15:40:35.044394 [debug] [Thread-1 (]: On model.ai_data_engineer.silver_weather: /* {"app": "dbt", "dbt_version": "1.12.5", "profile_name": "ai_data_engineer", "target_name": "dev", "node_id": "model.ai_data_engineer.silver_weather"} */
alter table "warehouse"."main"."silver_weather" rename to "silver_weather__dbt_backup"
[0m15:40:35.045467 [debug] [Thread-1 (]: SQL status: OK in 0.001 seconds
[0m15:40:35.048141 [debug] [Thread-1 (]: Using duckdb connection "model.ai_data_engineer.silver_weather"
[0m15:40:35.048720 [debug] [Thread-1 (]: On model.ai_data_engineer.silver_weather: /* {"app": "dbt", "dbt_version": "1.12.5", "profile_name": "ai_data_engineer", "target_name": "dev", "node_id": "model.ai_data_engineer.silver_weather"} */
alter table "warehouse"."main"."silver_weather__dbt_tmp" rename to "silver_weather"
[0m15:40:35.049759 [debug] [Thread-1 (]: SQL status: OK in 0.000 seconds
[0m15:40:35.052167 [debug] [Thread-1 (]: On model.ai_data_engineer.silver_weather: COMMIT
[0m15:40:35.052654 [debug] [Thread-1 (]: Using duckdb connection "model.ai_data_engineer.silver_weather"
[0m15:40:35.053074 [debug] [Thread-1 (]: On model.ai_data_engineer.silver_weather: COMMIT
[0m15:40:35.074141 [debug] [Thread-1 (]: SQL status: OK in 0.021 seconds
[0m15:40:35.076570 [debug] [Thread-1 (]: Using duckdb connection "model.ai_data_engineer.silver_weather"
[0m15:40:35.077094 [debug] [Thread-1 (]: On model.ai_data_engineer.silver_weather: /* {"app": "dbt", "dbt_version": "1.12.5", "profile_name": "ai_data_engineer", "target_name": "dev", "node_id": "model.ai_data_engineer.silver_weather"} */

      drop table if exists "warehouse"."main"."silver_weather__dbt_backup" cascade
    
[0m15:40:35.097099 [debug] [Thread-1 (]: SQL status: OK in 0.019 seconds
[0m15:40:35.099003 [debug] [Thread-1 (]: On model.ai_data_engineer.silver_weather: Close
[0m15:40:35.100106 [debug] [Thread-1 (]: Sending event: {'category': 'dbt', 'action': 'run_model', 'label': 'df4d96c6-f99a-4b7c-acf2-8e1518004606', 'context': [<snowplow_tracker.self_describing_json.SelfDescribingJson object at 0x734dc41c3a10>]}
[0m15:40:35.101021 [info ] [Thread-1 (]: 2 of 2 OK created sql table model main.silver_weather .......................... [[32mOK[0m in 0.09s]
[0m15:40:35.101736 [debug] [Thread-1 (]: Finished running node model.ai_data_engineer.silver_weather
[0m15:40:35.103795 [debug] [MainThread]: Using duckdb connection "master"
[0m15:40:35.104363 [debug] [MainThread]: On master: BEGIN
[0m15:40:35.104714 [debug] [MainThread]: Opening a new connection, currently in state closed
[0m15:40:35.105597 [debug] [MainThread]: SQL status: OK in 0.001 seconds
[0m15:40:35.106071 [debug] [MainThread]: On master: COMMIT
[0m15:40:35.106466 [debug] [MainThread]: Using duckdb connection "master"
[0m15:40:35.106790 [debug] [MainThread]: On master: COMMIT
[0m15:40:35.107486 [debug] [MainThread]: SQL status: OK in 0.000 seconds
[0m15:40:35.107948 [debug] [MainThread]: On master: Close
[0m15:40:35.108561 [debug] [MainThread]: Connection 'master' was properly closed.
[0m15:40:35.109053 [debug] [MainThread]: Connection 'model.ai_data_engineer.silver_weather' was properly closed.
[0m15:40:35.109557 [info ] [MainThread]: 
[0m15:40:35.110014 [info ] [MainThread]: Finished running 2 table models in 0 hours 0 minutes and 0.53 seconds (0.53s).
[0m15:40:35.110991 [debug] [MainThread]: Command end result
[0m15:40:35.154307 [debug] [MainThread]: Wrote artifact WritableManifest to /home/hatch/workspace/ai-data-engineer/target/manifest.json
[0m15:40:35.158293 [debug] [MainThread]: Wrote artifact SemanticManifest to /home/hatch/workspace/ai-data-engineer/target/semantic_manifest.json
[0m15:40:35.161794 [debug] [MainThread]: Wrote artifact OsiDocument to /home/hatch/workspace/ai-data-engineer/target/osi_document.json
[0m15:40:35.171165 [debug] [MainThread]: Wrote artifact RunExecutionResult to /home/hatch/workspace/ai-data-engineer/target/run_results.json
[0m15:40:35.171724 [info ] [MainThread]: 
[0m15:40:35.172206 [info ] [MainThread]: [32mCompleted successfully[0m
[0m15:40:35.172591 [info ] [MainThread]: 
[0m15:40:35.172971 [info ] [MainThread]: Done. PASS=2 WARN=0 ERROR=0 SKIP=0 NO-OP=0 REUSED=0 TOTAL=2
[0m15:40:35.174220 [debug] [MainThread]: Resource report: {"command_name": "build", "command_success": true, "command_wall_clock_time": 1.5664586, "process_in_blocks": "0", "process_kernel_time": 0.267565, "process_mem_max_rss": "170740", "process_out_blocks": "3264", "process_user_time": 3.209089}
[0m15:40:35.174860 [debug] [MainThread]: Command `dbt build` succeeded at 15:40:35.174748 after 1.57 seconds
[0m15:40:35.175329 [debug] [MainThread]: Sending event: {'category': 'dbt', 'action': 'invocation', 'label': 'end', 'context': [<snowplow_tracker.self_describing_json.SelfDescribingJson object at 0x734dc4938440>, <snowplow_tracker.self_describing_json.SelfDescribingJson object at 0x734dca827650>, <snowplow_tracker.self_describing_json.SelfDescribingJson object at 0x734dca827710>]}
[0m15:40:35.175793 [debug] [MainThread]: Flushing usage events
[0m15:40:35.724415 [debug] [MainThread]: An error was encountered while trying to flush usage events
[0m15:40:38.288588 [debug] [MainThread]: Sending event: {'category': 'dbt', 'action': 'invocation', 'label': 'start', 'context': [<snowplow_tracker.self_describing_json.SelfDescribingJson object at 0x7ad366eba360>, <snowplow_tracker.self_describing_json.SelfDescribingJson object at 0x7ad36a0133b0>, <snowplow_tracker.self_describing_json.SelfDescribingJson object at 0x7ad366eba9f0>]}


============================== 15:40:38.294337 | f7087633-d476-40dc-974a-28700cbe596b ==============================
[0m15:40:38.294337 [info ] [MainThread]: Running with dbt=1.12.5
[0m15:40:38.295085 [debug] [MainThread]: running dbt with arguments {'invocation_command': 'dbt build --select tag:gold --target dev --project-dir /home/hatch/workspace/ai-data-engineer --profiles-dir /home/hatch/workspace/ai-data-engineer', 'quiet': 'False', 'use_experimental_parser': 'False', 'write_json': 'True', 'log_format': 'default', 'warn_error_options': 'WarnErrorOptionsV2(error=[], warn=[], silence=[])', 'profiles_dir': '/home/hatch/workspace/ai-data-engineer', 'warn_error': 'None', 'log_path': '/home/hatch/workspace/ai-data-engineer/logs', 'log_cache_events': 'False', 'static_parser': 'True', 'no_print': 'None', 'printer_width': '80', 'fail_fast': 'False', 'send_anonymous_usage_stats': 'True', 'introspect': 'True', 'empty': 'False', 'version_check': 'True', 'partial_parse': 'True', 'debug': 'False', 'indirect_selection': 'eager', 'hints_enabled': 'True', 'target_path': 'None', 'cache_selected_only': 'False', 'maximum_seed_size_mib': '1', 'use_colors': 'True'}
[0m15:40:38.593275 [debug] [MainThread]: Sending event: {'category': 'dbt', 'action': 'project_id', 'label': 'f7087633-d476-40dc-974a-28700cbe596b', 'context': [<snowplow_tracker.self_describing_json.SelfDescribingJson object at 0x7ad366d200b0>]}
[0m15:40:38.681448 [debug] [MainThread]: Sending event: {'category': 'dbt', 'action': 'adapter_info', 'label': 'f7087633-d476-40dc-974a-28700cbe596b', 'context': [<snowplow_tracker.self_describing_json.SelfDescribingJson object at 0x7ad367c279b0>]}
[0m15:40:38.684263 [info ] [MainThread]: Registered adapter: duckdb=1.11.0
[0m15:40:38.777436 [debug] [MainThread]: checksum: 14f0a8ae585d54b9c5b9cbf5af4069f390387b877109f247078c6a56c7c26b8a, vars: {}, profile: ai_data_engineer, target: dev, version: 1.12.5
[0m15:40:38.912547 [debug] [MainThread]: Partial parsing enabled: 0 files deleted, 0 files added, 0 files changed.
[0m15:40:38.913214 [debug] [MainThread]: Nothing changed, skipping partial parsing.
[0m15:40:38.913608 [debug] [MainThread]: Partial parsing enabled, no changes found, skipping parsing
[0m15:40:38.927024 [debug] [MainThread]: Sending event: {'category': 'dbt', 'action': 'load_project', 'label': 'f7087633-d476-40dc-974a-28700cbe596b', 'context': [<snowplow_tracker.self_describing_json.SelfDescribingJson object at 0x7ad366e6c290>]}
[0m15:40:39.073499 [debug] [MainThread]: Wrote artifact WritableManifest to /home/hatch/workspace/ai-data-engineer/target/manifest.json
[0m15:40:39.077279 [debug] [MainThread]: Wrote artifact SemanticManifest to /home/hatch/workspace/ai-data-engineer/target/semantic_manifest.json
[0m15:40:39.093300 [debug] [MainThread]: Wrote artifact OsiDocument to /home/hatch/workspace/ai-data-engineer/target/osi_document.json
[0m15:40:39.118212 [debug] [MainThread]: Sending event: {'category': 'dbt', 'action': 'resource_counts', 'label': 'f7087633-d476-40dc-974a-28700cbe596b', 'context': [<snowplow_tracker.self_describing_json.SelfDescribingJson object at 0x7ad361dc5be0>]}
[0m15:40:39.118955 [info ] [MainThread]: Found 4 models, 2 sources, 500 macros
[0m15:40:39.121495 [info ] [MainThread]: 
[0m15:40:39.122045 [info ] [MainThread]: Concurrency: 1 threads (target='dev')
[0m15:40:39.122446 [info ] [MainThread]: 
[0m15:40:39.123262 [debug] [MainThread]: Acquiring new duckdb connection 'master'
[0m15:40:39.130221 [debug] [ThreadPool]: Acquiring new duckdb connection 'list_warehouse'
[0m15:40:39.271360 [debug] [ThreadPool]: Using duckdb connection "list_warehouse"
[0m15:40:39.272683 [debug] [ThreadPool]: On list_warehouse: /* {"app": "dbt", "dbt_version": "1.12.5", "profile_name": "ai_data_engineer", "target_name": "dev", "connection_name": "list_warehouse"} */

    
    select schema_name
    from system.information_schema.schemata
    
    where lower(catalog_name) = '"warehouse"'
    
  
  
[0m15:40:39.273583 [debug] [ThreadPool]: Opening a new connection, currently in state init
[0m15:40:39.294112 [debug] [ThreadPool]: SQL status: OK in 0.020 seconds
[0m15:40:39.296622 [debug] [ThreadPool]: On list_warehouse: Close
[0m15:40:39.298280 [debug] [ThreadPool]: Re-using an available connection from the pool (formerly list_warehouse, now create_warehouse_main)
[0m15:40:39.299294 [debug] [ThreadPool]: Creating schema "database: "warehouse"
schema: "main"
"
[0m15:40:39.309787 [debug] [ThreadPool]: Using duckdb connection "create_warehouse_main"
[0m15:40:39.310655 [debug] [ThreadPool]: On create_warehouse_main: /* {"app": "dbt", "dbt_version": "1.12.5", "profile_name": "ai_data_engineer", "target_name": "dev", "connection_name": "create_warehouse_main"} */

    
        select type from duckdb_databases()
        where lower(database_name)='warehouse'
        and type != 'duckdb'
    
  
[0m15:40:39.311332 [debug] [ThreadPool]: Opening a new connection, currently in state closed
[0m15:40:39.313483 [debug] [ThreadPool]: SQL status: OK in 0.002 seconds
[0m15:40:39.315514 [debug] [ThreadPool]: Using duckdb connection "create_warehouse_main"
[0m15:40:39.316211 [debug] [ThreadPool]: On create_warehouse_main: BEGIN
[0m15:40:39.317132 [debug] [ThreadPool]: SQL status: OK in 0.000 seconds
[0m15:40:39.317843 [debug] [ThreadPool]: Using duckdb connection "create_warehouse_main"
[0m15:40:39.318452 [debug] [ThreadPool]: On create_warehouse_main: /* {"app": "dbt", "dbt_version": "1.12.5", "profile_name": "ai_data_engineer", "target_name": "dev", "connection_name": "create_warehouse_main"} */

    
    
        create schema if not exists "warehouse"."main"
    
[0m15:40:39.319494 [debug] [ThreadPool]: SQL status: OK in 0.000 seconds
[0m15:40:39.322002 [debug] [ThreadPool]: On create_warehouse_main: COMMIT
[0m15:40:39.322751 [debug] [ThreadPool]: Using duckdb connection "create_warehouse_main"
[0m15:40:39.323385 [debug] [ThreadPool]: On create_warehouse_main: COMMIT
[0m15:40:39.324241 [debug] [ThreadPool]: SQL status: OK in 0.000 seconds
[0m15:40:39.324955 [debug] [ThreadPool]: On create_warehouse_main: Close
[0m15:40:39.327506 [debug] [ThreadPool]: Re-using an available connection from the pool (formerly create_warehouse_main, now list_warehouse_main)
[0m15:40:39.335003 [debug] [ThreadPool]: Using duckdb connection "list_warehouse_main"
[0m15:40:39.335605 [debug] [ThreadPool]: On list_warehouse_main: BEGIN
[0m15:40:39.336078 [debug] [ThreadPool]: Opening a new connection, currently in state closed
[0m15:40:39.337260 [debug] [ThreadPool]: SQL status: OK in 0.001 seconds
[0m15:40:39.337720 [debug] [ThreadPool]: Using duckdb connection "list_warehouse_main"
[0m15:40:39.338154 [debug] [ThreadPool]: On list_warehouse_main: /* {"app": "dbt", "dbt_version": "1.12.5", "profile_name": "ai_data_engineer", "target_name": "dev", "connection_name": "list_warehouse_main"} */
select
      'warehouse' as database,
      table_name as name,
      table_schema as schema,
      CASE table_type
        WHEN 'BASE TABLE' THEN 'table'
        WHEN 'VIEW' THEN 'view'
        WHEN 'LOCAL TEMPORARY' THEN 'table'
        END as type
    from system.information_schema.tables
    where lower(table_schema) = 'main'
    and lower(table_catalog) = 'warehouse'
  
[0m15:40:39.343098 [debug] [ThreadPool]: SQL status: OK in 0.004 seconds
[0m15:40:39.345155 [debug] [ThreadPool]: On list_warehouse_main: ROLLBACK
[0m15:40:39.346058 [debug] [ThreadPool]: On list_warehouse_main: Close
[0m15:40:39.348786 [debug] [MainThread]: Sending event: {'category': 'dbt', 'action': 'runnable_timing', 'label': 'f7087633-d476-40dc-974a-28700cbe596b', 'context': [<snowplow_tracker.self_describing_json.SelfDescribingJson object at 0x7ad361f426f0>]}
[0m15:40:39.349716 [debug] [MainThread]: Using duckdb connection "master"
[0m15:40:39.350167 [debug] [MainThread]: On master: BEGIN
[0m15:40:39.350525 [debug] [MainThread]: Opening a new connection, currently in state init
[0m15:40:39.351415 [debug] [MainThread]: SQL status: OK in 0.001 seconds
[0m15:40:39.351875 [debug] [MainThread]: On master: COMMIT
[0m15:40:39.352241 [debug] [MainThread]: Using duckdb connection "master"
[0m15:40:39.352653 [debug] [MainThread]: On master: COMMIT
[0m15:40:39.353233 [debug] [MainThread]: SQL status: OK in 0.000 seconds
[0m15:40:39.353685 [debug] [MainThread]: On master: Close
[0m15:40:39.356874 [debug] [Thread-1 (]: Began running node model.ai_data_engineer.gold_crypto_daily
[0m15:40:39.357664 [info ] [Thread-1 (]: 1 of 2 START sql table model main.gold_crypto_daily ............................ [RUN]
[0m15:40:39.358400 [debug] [Thread-1 (]: Re-using an available connection from the pool (formerly list_warehouse_main, now model.ai_data_engineer.gold_crypto_daily)
[0m15:40:39.358902 [debug] [Thread-1 (]: Began compiling node model.ai_data_engineer.gold_crypto_daily
[0m15:40:39.367989 [debug] [Thread-1 (]: Writing injected SQL for node "model.ai_data_engineer.gold_crypto_daily"
[0m15:40:39.368816 [debug] [Thread-1 (]: Began executing node model.ai_data_engineer.gold_crypto_daily
[0m15:40:39.433351 [debug] [Thread-1 (]: Writing runtime sql for node "model.ai_data_engineer.gold_crypto_daily"
[0m15:40:39.434471 [debug] [Thread-1 (]: Using duckdb connection "model.ai_data_engineer.gold_crypto_daily"
[0m15:40:39.434980 [debug] [Thread-1 (]: On model.ai_data_engineer.gold_crypto_daily: BEGIN
[0m15:40:39.435393 [debug] [Thread-1 (]: Opening a new connection, currently in state closed
[0m15:40:39.436664 [debug] [Thread-1 (]: SQL status: OK in 0.001 seconds
[0m15:40:39.437168 [debug] [Thread-1 (]: Using duckdb connection "model.ai_data_engineer.gold_crypto_daily"
[0m15:40:39.437651 [debug] [Thread-1 (]: On model.ai_data_engineer.gold_crypto_daily: /* {"app": "dbt", "dbt_version": "1.12.5", "profile_name": "ai_data_engineer", "target_name": "dev", "node_id": "model.ai_data_engineer.gold_crypto_daily"} */

    

    create  table
      "warehouse"."main"."gold_crypto_daily__dbt_tmp"
  
    
    as (
      
-- gold_crypto_daily (v1)
-- Mart: one row per coin per day. OHLC approximated from intra-day snapshots
-- (ingest runs every ~6h, so 2-4 snapshots/day): open = first snapshot price,
-- close = last snapshot price, high/low = min/max.
-- Grain key: (coin_id, market_date). Idempotent full refresh.
WITH ordered AS (
    SELECT
        coin_id,
        symbol,
        name,
        CAST(snapshot_ts AS DATE) AS market_date,
        snapshot_ts,
        current_price,
        market_cap,
        total_volume,
        price_change_percentage_24h,
        ROW_NUMBER() OVER (PARTITION BY coin_id, CAST(snapshot_ts AS DATE)
                           ORDER BY snapshot_ts ASC)  AS rn_asc,
        ROW_NUMBER() OVER (PARTITION BY coin_id, CAST(snapshot_ts AS DATE)
                           ORDER BY snapshot_ts DESC) AS rn_desc
    FROM "warehouse"."main"."silver_crypto"
),
agg AS (
    SELECT
        coin_id,
        CAST(snapshot_ts AS DATE) AS market_date,
        MAX(symbol) AS symbol,
        MAX(name)   AS coin_name,
        COUNT(*)    AS snapshot_count,
        MIN(current_price) AS low_price,
        MAX(current_price) AS high_price,
        AVG(current_price) AS avg_price,
        AVG(total_volume)  AS avg_volume,
        AVG(market_cap)    AS avg_market_cap,
        MAX(ingested_at)   AS last_ingested_at
    FROM "warehouse"."main"."silver_crypto"
    GROUP BY coin_id, CAST(snapshot_ts AS DATE)
)
SELECT
    md5(a.coin_id || '|' || CAST(a.market_date AS VARCHAR)) AS crypto_daily_sk,
    a.coin_id,
    a.symbol,
    a.coin_name,
    a.market_date,
    o_open.current_price  AS open_price,
    o_close.current_price AS close_price,
    a.low_price,
    a.high_price,
    a.avg_price,
    a.avg_volume,
    a.avg_market_cap,
    o_close.price_change_percentage_24h AS change_24h_pct,
    a.snapshot_count,
    a.last_ingested_at
FROM agg a
LEFT JOIN ordered o_open
  ON o_open.coin_id = a.coin_id
 AND CAST(o_open.snapshot_ts AS DATE) = a.market_date
 AND o_open.rn_asc = 1
LEFT JOIN ordered o_close
  ON o_close.coin_id = a.coin_id
 AND CAST(o_close.snapshot_ts AS DATE) = a.market_date
 AND o_close.rn_desc = 1
    );
    
  
[0m15:40:39.450342 [debug] [Thread-1 (]: SQL status: OK in 0.012 seconds
[0m15:40:39.456681 [debug] [Thread-1 (]: Using duckdb connection "model.ai_data_engineer.gold_crypto_daily"
[0m15:40:39.457249 [debug] [Thread-1 (]: On model.ai_data_engineer.gold_crypto_daily: /* {"app": "dbt", "dbt_version": "1.12.5", "profile_name": "ai_data_engineer", "target_name": "dev", "node_id": "model.ai_data_engineer.gold_crypto_daily"} */

    SELECT index_name
    FROM duckdb_indexes()
    WHERE database_name = 'warehouse'
      AND schema_name = 'main'
      AND table_name = 'gold_crypto_daily'
  
[0m15:40:39.458683 [debug] [Thread-1 (]: SQL status: OK in 0.001 seconds
[0m15:40:39.465958 [debug] [Thread-1 (]: Using duckdb connection "model.ai_data_engineer.gold_crypto_daily"
[0m15:40:39.466519 [debug] [Thread-1 (]: On model.ai_data_engineer.gold_crypto_daily: /* {"app": "dbt", "dbt_version": "1.12.5", "profile_name": "ai_data_engineer", "target_name": "dev", "node_id": "model.ai_data_engineer.gold_crypto_daily"} */
alter table "warehouse"."main"."gold_crypto_daily" rename to "gold_crypto_daily__dbt_backup"
[0m15:40:39.467528 [debug] [Thread-1 (]: SQL status: OK in 0.001 seconds
[0m15:40:39.470514 [debug] [Thread-1 (]: Using duckdb connection "model.ai_data_engineer.gold_crypto_daily"
[0m15:40:39.471038 [debug] [Thread-1 (]: On model.ai_data_engineer.gold_crypto_daily: /* {"app": "dbt", "dbt_version": "1.12.5", "profile_name": "ai_data_engineer", "target_name": "dev", "node_id": "model.ai_data_engineer.gold_crypto_daily"} */
alter table "warehouse"."main"."gold_crypto_daily__dbt_tmp" rename to "gold_crypto_daily"
[0m15:40:39.472005 [debug] [Thread-1 (]: SQL status: OK in 0.000 seconds
[0m15:40:39.494579 [debug] [Thread-1 (]: On model.ai_data_engineer.gold_crypto_daily: COMMIT
[0m15:40:39.495539 [debug] [Thread-1 (]: Using duckdb connection "model.ai_data_engineer.gold_crypto_daily"
[0m15:40:39.495989 [debug] [Thread-1 (]: On model.ai_data_engineer.gold_crypto_daily: COMMIT
[0m15:40:39.521372 [debug] [Thread-1 (]: SQL status: OK in 0.025 seconds
[0m15:40:39.530050 [debug] [Thread-1 (]: Using duckdb connection "model.ai_data_engineer.gold_crypto_daily"
[0m15:40:39.530804 [debug] [Thread-1 (]: On model.ai_data_engineer.gold_crypto_daily: /* {"app": "dbt", "dbt_version": "1.12.5", "profile_name": "ai_data_engineer", "target_name": "dev", "node_id": "model.ai_data_engineer.gold_crypto_daily"} */

      drop table if exists "warehouse"."main"."gold_crypto_daily__dbt_backup" cascade
    
[0m15:40:39.553741 [debug] [Thread-1 (]: SQL status: OK in 0.021 seconds
[0m15:40:39.557875 [debug] [Thread-1 (]: On model.ai_data_engineer.gold_crypto_daily: Close
[0m15:40:39.560358 [debug] [Thread-1 (]: Sending event: {'category': 'dbt', 'action': 'run_model', 'label': 'f7087633-d476-40dc-974a-28700cbe596b', 'context': [<snowplow_tracker.self_describing_json.SelfDescribingJson object at 0x7ad360caeb40>]}
[0m15:40:39.561340 [info ] [Thread-1 (]: 1 of 2 OK created sql table model main.gold_crypto_daily ....................... [[32mOK[0m in 0.20s]
[0m15:40:39.562089 [debug] [Thread-1 (]: Finished running node model.ai_data_engineer.gold_crypto_daily
[0m15:40:39.562625 [debug] [Thread-1 (]: Began running node model.ai_data_engineer.gold_weather_hourly
[0m15:40:39.563229 [info ] [Thread-1 (]: 2 of 2 START sql table model main.gold_weather_hourly .......................... [RUN]
[0m15:40:39.564128 [debug] [Thread-1 (]: Re-using an available connection from the pool (formerly model.ai_data_engineer.gold_crypto_daily, now model.ai_data_engineer.gold_weather_hourly)
[0m15:40:39.564636 [debug] [Thread-1 (]: Began compiling node model.ai_data_engineer.gold_weather_hourly
[0m15:40:39.567937 [debug] [Thread-1 (]: Writing injected SQL for node "model.ai_data_engineer.gold_weather_hourly"
[0m15:40:39.568930 [debug] [Thread-1 (]: Began executing node model.ai_data_engineer.gold_weather_hourly
[0m15:40:39.574397 [debug] [Thread-1 (]: Writing runtime sql for node "model.ai_data_engineer.gold_weather_hourly"
[0m15:40:39.575269 [debug] [Thread-1 (]: Using duckdb connection "model.ai_data_engineer.gold_weather_hourly"
[0m15:40:39.575794 [debug] [Thread-1 (]: On model.ai_data_engineer.gold_weather_hourly: BEGIN
[0m15:40:39.576194 [debug] [Thread-1 (]: Opening a new connection, currently in state closed
[0m15:40:39.578667 [debug] [Thread-1 (]: SQL status: OK in 0.002 seconds
[0m15:40:39.579206 [debug] [Thread-1 (]: Using duckdb connection "model.ai_data_engineer.gold_weather_hourly"
[0m15:40:39.579687 [debug] [Thread-1 (]: On model.ai_data_engineer.gold_weather_hourly: /* {"app": "dbt", "dbt_version": "1.12.5", "profile_name": "ai_data_engineer", "target_name": "dev", "node_id": "model.ai_data_engineer.gold_weather_hourly"} */

    

    create  table
      "warehouse"."main"."gold_weather_hourly__dbt_tmp"
  
    
    as (
      
-- gold_weather_hourly (v1)
-- Mart: one row per city per hour (latest observation wins on re-delivery).
-- Enriched with the city's daily min/max for context.
-- Grain key: (city, hour_ts). Idempotent full refresh.
WITH daily AS (
    SELECT
        city,
        CAST(hour_ts AS DATE) AS weather_date,
        MIN(temperature_2m) AS day_min_temp_c,
        MAX(temperature_2m) AS day_max_temp_c
    FROM "warehouse"."main"."silver_weather"
    GROUP BY city, CAST(hour_ts AS DATE)
)
SELECT
    s.weather_hour_sk,
    s.city,
    s.hour_ts,
    s.temperature_2m AS temp_c,
    d.day_min_temp_c,
    d.day_max_temp_c,
    s.latitude,
    s.longitude,
    s._run_id AS source_run_id,
    s.ingested_at
FROM "warehouse"."main"."silver_weather" s
JOIN daily d
  ON d.city = s.city
 AND d.weather_date = CAST(s.hour_ts AS DATE)
    );
    
  
[0m15:40:39.588173 [debug] [Thread-1 (]: SQL status: OK in 0.008 seconds
[0m15:40:39.591062 [debug] [Thread-1 (]: Using duckdb connection "model.ai_data_engineer.gold_weather_hourly"
[0m15:40:39.592208 [debug] [Thread-1 (]: On model.ai_data_engineer.gold_weather_hourly: /* {"app": "dbt", "dbt_version": "1.12.5", "profile_name": "ai_data_engineer", "target_name": "dev", "node_id": "model.ai_data_engineer.gold_weather_hourly"} */

    SELECT index_name
    FROM duckdb_indexes()
    WHERE database_name = 'warehouse'
      AND schema_name = 'main'
      AND table_name = 'gold_weather_hourly'
  
[0m15:40:39.594279 [debug] [Thread-1 (]: SQL status: OK in 0.001 seconds
[0m15:40:39.598277 [debug] [Thread-1 (]: Using duckdb connection "model.ai_data_engineer.gold_weather_hourly"
[0m15:40:39.599156 [debug] [Thread-1 (]: On model.ai_data_engineer.gold_weather_hourly: /* {"app": "dbt", "dbt_version": "1.12.5", "profile_name": "ai_data_engineer", "target_name": "dev", "node_id": "model.ai_data_engineer.gold_weather_hourly"} */
alter table "warehouse"."main"."gold_weather_hourly" rename to "gold_weather_hourly__dbt_backup"
[0m15:40:39.600704 [debug] [Thread-1 (]: SQL status: OK in 0.001 seconds
[0m15:40:39.604174 [debug] [Thread-1 (]: Using duckdb connection "model.ai_data_engineer.gold_weather_hourly"
[0m15:40:39.605028 [debug] [Thread-1 (]: On model.ai_data_engineer.gold_weather_hourly: /* {"app": "dbt", "dbt_version": "1.12.5", "profile_name": "ai_data_engineer", "target_name": "dev", "node_id": "model.ai_data_engineer.gold_weather_hourly"} */
alter table "warehouse"."main"."gold_weather_hourly__dbt_tmp" rename to "gold_weather_hourly"
[0m15:40:39.606251 [debug] [Thread-1 (]: SQL status: OK in 0.000 seconds
[0m15:40:39.609550 [debug] [Thread-1 (]: On model.ai_data_engineer.gold_weather_hourly: COMMIT
[0m15:40:39.610397 [debug] [Thread-1 (]: Using duckdb connection "model.ai_data_engineer.gold_weather_hourly"
[0m15:40:39.610924 [debug] [Thread-1 (]: On model.ai_data_engineer.gold_weather_hourly: COMMIT
[0m15:40:39.634512 [debug] [Thread-1 (]: SQL status: OK in 0.023 seconds
[0m15:40:39.637858 [debug] [Thread-1 (]: Using duckdb connection "model.ai_data_engineer.gold_weather_hourly"
[0m15:40:39.638537 [debug] [Thread-1 (]: On model.ai_data_engineer.gold_weather_hourly: /* {"app": "dbt", "dbt_version": "1.12.5", "profile_name": "ai_data_engineer", "target_name": "dev", "node_id": "model.ai_data_engineer.gold_weather_hourly"} */

      drop table if exists "warehouse"."main"."gold_weather_hourly__dbt_backup" cascade
    
[0m15:40:39.659804 [debug] [Thread-1 (]: SQL status: OK in 0.020 seconds
[0m15:40:39.662024 [debug] [Thread-1 (]: On model.ai_data_engineer.gold_weather_hourly: Close
[0m15:40:39.663035 [debug] [Thread-1 (]: Sending event: {'category': 'dbt', 'action': 'run_model', 'label': 'f7087633-d476-40dc-974a-28700cbe596b', 'context': [<snowplow_tracker.self_describing_json.SelfDescribingJson object at 0x7ad360cadf70>]}
[0m15:40:39.664203 [info ] [Thread-1 (]: 2 of 2 OK created sql table model main.gold_weather_hourly ..................... [[32mOK[0m in 0.10s]
[0m15:40:39.665216 [debug] [Thread-1 (]: Finished running node model.ai_data_engineer.gold_weather_hourly
[0m15:40:39.667350 [debug] [MainThread]: Using duckdb connection "master"
[0m15:40:39.667915 [debug] [MainThread]: On master: BEGIN
[0m15:40:39.668450 [debug] [MainThread]: Opening a new connection, currently in state closed
[0m15:40:39.669487 [debug] [MainThread]: SQL status: OK in 0.001 seconds
[0m15:40:39.670017 [debug] [MainThread]: On master: COMMIT
[0m15:40:39.670570 [debug] [MainThread]: Using duckdb connection "master"
[0m15:40:39.671045 [debug] [MainThread]: On master: COMMIT
[0m15:40:39.671925 [debug] [MainThread]: SQL status: OK in 0.000 seconds
[0m15:40:39.672463 [debug] [MainThread]: On master: Close
[0m15:40:39.673171 [debug] [MainThread]: Connection 'master' was properly closed.
[0m15:40:39.673644 [debug] [MainThread]: Connection 'model.ai_data_engineer.gold_weather_hourly' was properly closed.
[0m15:40:39.674280 [info ] [MainThread]: 
[0m15:40:39.674906 [info ] [MainThread]: Finished running 2 table models in 0 hours 0 minutes and 0.55 seconds (0.55s).
[0m15:40:39.676249 [debug] [MainThread]: Command end result
[0m15:40:39.724177 [debug] [MainThread]: Wrote artifact WritableManifest to /home/hatch/workspace/ai-data-engineer/target/manifest.json
[0m15:40:39.728300 [debug] [MainThread]: Wrote artifact SemanticManifest to /home/hatch/workspace/ai-data-engineer/target/semantic_manifest.json
[0m15:40:39.731998 [debug] [MainThread]: Wrote artifact OsiDocument to /home/hatch/workspace/ai-data-engineer/target/osi_document.json
[0m15:40:39.742164 [debug] [MainThread]: Wrote artifact RunExecutionResult to /home/hatch/workspace/ai-data-engineer/target/run_results.json
[0m15:40:39.742756 [info ] [MainThread]: 
[0m15:40:39.743442 [info ] [MainThread]: [32mCompleted successfully[0m
[0m15:40:39.743968 [info ] [MainThread]: 
[0m15:40:39.744646 [info ] [MainThread]: Done. PASS=2 WARN=0 ERROR=0 SKIP=0 NO-OP=0 REUSED=0 TOTAL=2
[0m15:40:39.746671 [debug] [MainThread]: Resource report: {"command_name": "build", "command_success": true, "command_wall_clock_time": 1.5614121, "process_in_blocks": "0", "process_kernel_time": 0.250764, "process_mem_max_rss": "174100", "process_out_blocks": "3152", "process_user_time": 3.143881}
[0m15:40:39.747491 [debug] [MainThread]: Command `dbt build` succeeded at 15:40:39.747261 after 1.56 seconds
[0m15:40:39.748044 [debug] [MainThread]: Sending event: {'category': 'dbt', 'action': 'invocation', 'label': 'end', 'context': [<snowplow_tracker.self_describing_json.SelfDescribingJson object at 0x7ad367a5b8c0>, <snowplow_tracker.self_describing_json.SelfDescribingJson object at 0x7ad367a907a0>, <snowplow_tracker.self_describing_json.SelfDescribingJson object at 0x7ad367a906e0>]}
[0m15:40:39.748696 [debug] [MainThread]: Flushing usage events
[0m15:40:40.248796 [debug] [MainThread]: An error was encountered while trying to flush usage events
[0m15:40:45.222034 [debug] [MainThread]: Sending event: {'category': 'dbt', 'action': 'invocation', 'label': 'start', 'context': [<snowplow_tracker.self_describing_json.SelfDescribingJson object at 0x7535646b0170>, <snowplow_tracker.self_describing_json.SelfDescribingJson object at 0x753561644350>, <snowplow_tracker.self_describing_json.SelfDescribingJson object at 0x753562488380>]}


============================== 15:40:45.229012 | 2a1394dd-a112-4a38-9e86-6d5bf8306c12 ==============================
[0m15:40:45.229012 [info ] [MainThread]: Running with dbt=1.12.5
[0m15:40:45.229782 [debug] [MainThread]: running dbt with arguments {'profiles_dir': '/home/hatch/workspace/ai-data-engineer', 'warn_error': 'None', 'fail_fast': 'False', 'log_path': '/home/hatch/workspace/ai-data-engineer/logs', 'write_json': 'True', 'cache_selected_only': 'False', 'warn_error_options': 'WarnErrorOptionsV2(error=[], warn=[], silence=[])', 'maximum_seed_size_mib': '1', 'partial_parse': 'True', 'use_experimental_parser': 'False', 'no_print': 'None', 'empty': 'False', 'indirect_selection': 'eager', 'debug': 'False', 'invocation_command': 'dbt build --select tag:silver --target drill --project-dir /home/hatch/workspace/ai-data-engineer --profiles-dir /home/hatch/workspace/ai-data-engineer', 'quiet': 'False', 'version_check': 'True', 'use_colors': 'True', 'hints_enabled': 'True', 'target_path': 'None', 'static_parser': 'True', 'send_anonymous_usage_stats': 'True', 'log_format': 'default', 'introspect': 'True', 'printer_width': '80', 'log_cache_events': 'False'}
[0m15:40:45.523719 [debug] [MainThread]: Sending event: {'category': 'dbt', 'action': 'project_id', 'label': '2a1394dd-a112-4a38-9e86-6d5bf8306c12', 'context': [<snowplow_tracker.self_describing_json.SelfDescribingJson object at 0x753561672270>]}
[0m15:40:45.613157 [debug] [MainThread]: Sending event: {'category': 'dbt', 'action': 'adapter_info', 'label': '2a1394dd-a112-4a38-9e86-6d5bf8306c12', 'context': [<snowplow_tracker.self_describing_json.SelfDescribingJson object at 0x7535623d54c0>]}
[0m15:40:45.615957 [info ] [MainThread]: Registered adapter: duckdb=1.11.0
[0m15:40:45.708711 [debug] [MainThread]: checksum: f5ce5c9b3e6f8e4ecbb0caade93c4c417ca66554fa65fd8c862f3cabfefcfc05, vars: {}, profile: ai_data_engineer, target: drill, version: 1.12.5
[0m15:40:45.831554 [info ] [MainThread]: Unable to do partial parsing because config vars, config profile, or config target have changed
[0m15:40:45.832240 [debug] [MainThread]: previous checksum: f5ce5c9b3e6f8e4ecbb0caade93c4c417ca66554fa65fd8c862f3cabfefcfc05, current checksum: 14f0a8ae585d54b9c5b9cbf5af4069f390387b877109f247078c6a56c7c26b8a
[0m15:40:45.832657 [info ] [MainThread]: Unable to do partial parsing because profile has changed
[0m15:40:45.833083 [debug] [MainThread]: Sending event: {'category': 'dbt', 'action': 'partial_parser', 'label': '2a1394dd-a112-4a38-9e86-6d5bf8306c12', 'context': [<snowplow_tracker.self_describing_json.SelfDescribingJson object at 0x75355c713440>]}
[0m15:40:47.497051 [debug] [MainThread]: Sending event: {'category': 'dbt', 'action': 'load_project', 'label': '2a1394dd-a112-4a38-9e86-6d5bf8306c12', 'context': [<snowplow_tracker.self_describing_json.SelfDescribingJson object at 0x753561825af0>]}
[0m15:40:47.612977 [debug] [MainThread]: Wrote artifact WritableManifest to /home/hatch/workspace/ai-data-engineer/target/manifest.json
[0m15:40:47.616860 [debug] [MainThread]: Wrote artifact SemanticManifest to /home/hatch/workspace/ai-data-engineer/target/semantic_manifest.json
[0m15:40:47.633691 [debug] [MainThread]: Wrote artifact OsiDocument to /home/hatch/workspace/ai-data-engineer/target/osi_document.json
[0m15:40:47.660578 [debug] [MainThread]: Sending event: {'category': 'dbt', 'action': 'resource_counts', 'label': '2a1394dd-a112-4a38-9e86-6d5bf8306c12', 'context': [<snowplow_tracker.self_describing_json.SelfDescribingJson object at 0x75355c18b3e0>]}
[0m15:40:47.661402 [info ] [MainThread]: Found 4 models, 2 sources, 500 macros
[0m15:40:47.664104 [info ] [MainThread]: 
[0m15:40:47.664653 [info ] [MainThread]: Concurrency: 1 threads (target='drill')
[0m15:40:47.665081 [info ] [MainThread]: 
[0m15:40:47.666163 [debug] [MainThread]: Acquiring new duckdb connection 'master'
[0m15:40:47.673033 [debug] [ThreadPool]: Acquiring new duckdb connection 'list_drill_dup'
[0m15:40:47.713827 [debug] [ThreadPool]: Using duckdb connection "list_drill_dup"
[0m15:40:47.714610 [debug] [ThreadPool]: On list_drill_dup: /* {"app": "dbt", "dbt_version": "1.12.5", "profile_name": "ai_data_engineer", "target_name": "drill", "connection_name": "list_drill_dup"} */

    
    select schema_name
    from system.information_schema.schemata
    
    where lower(catalog_name) = '"drill_dup"'
    
  
  
[0m15:40:47.715051 [debug] [ThreadPool]: Opening a new connection, currently in state init
[0m15:40:47.734198 [debug] [ThreadPool]: SQL status: OK in 0.019 seconds
[0m15:40:47.736271 [debug] [ThreadPool]: On list_drill_dup: Close
[0m15:40:47.737603 [debug] [ThreadPool]: Re-using an available connection from the pool (formerly list_drill_dup, now create_drill_dup_main)
[0m15:40:47.738463 [debug] [ThreadPool]: Creating schema "database: "drill_dup"
schema: "main"
"
[0m15:40:47.748741 [debug] [ThreadPool]: Using duckdb connection "create_drill_dup_main"
[0m15:40:47.749451 [debug] [ThreadPool]: On create_drill_dup_main: /* {"app": "dbt", "dbt_version": "1.12.5", "profile_name": "ai_data_engineer", "target_name": "drill", "connection_name": "create_drill_dup_main"} */

    
        select type from duckdb_databases()
        where lower(database_name)='drill_dup'
        and type != 'duckdb'
    
  
[0m15:40:47.749956 [debug] [ThreadPool]: Opening a new connection, currently in state closed
[0m15:40:47.752918 [debug] [ThreadPool]: SQL status: OK in 0.003 seconds
[0m15:40:47.756026 [debug] [ThreadPool]: Using duckdb connection "create_drill_dup_main"
[0m15:40:47.757199 [debug] [ThreadPool]: On create_drill_dup_main: BEGIN
[0m15:40:47.758712 [debug] [ThreadPool]: SQL status: OK in 0.001 seconds
[0m15:40:47.759770 [debug] [ThreadPool]: Using duckdb connection "create_drill_dup_main"
[0m15:40:47.760772 [debug] [ThreadPool]: On create_drill_dup_main: /* {"app": "dbt", "dbt_version": "1.12.5", "profile_name": "ai_data_engineer", "target_name": "drill", "connection_name": "create_drill_dup_main"} */

    
    
        create schema if not exists "drill_dup"."main"
    
[0m15:40:47.762174 [debug] [ThreadPool]: SQL status: OK in 0.000 seconds
[0m15:40:47.764518 [debug] [ThreadPool]: On create_drill_dup_main: COMMIT
[0m15:40:47.765509 [debug] [ThreadPool]: Using duckdb connection "create_drill_dup_main"
[0m15:40:47.766273 [debug] [ThreadPool]: On create_drill_dup_main: COMMIT
[0m15:40:47.767524 [debug] [ThreadPool]: SQL status: OK in 0.000 seconds
[0m15:40:47.768002 [debug] [ThreadPool]: On create_drill_dup_main: Close
[0m15:40:47.770773 [debug] [ThreadPool]: Re-using an available connection from the pool (formerly create_drill_dup_main, now list_drill_dup_main)
[0m15:40:47.778412 [debug] [ThreadPool]: Using duckdb connection "list_drill_dup_main"
[0m15:40:47.779187 [debug] [ThreadPool]: On list_drill_dup_main: BEGIN
[0m15:40:47.779784 [debug] [ThreadPool]: Opening a new connection, currently in state closed
[0m15:40:47.780882 [debug] [ThreadPool]: SQL status: OK in 0.001 seconds
[0m15:40:47.781580 [debug] [ThreadPool]: Using duckdb connection "list_drill_dup_main"
[0m15:40:47.782152 [debug] [ThreadPool]: On list_drill_dup_main: /* {"app": "dbt", "dbt_version": "1.12.5", "profile_name": "ai_data_engineer", "target_name": "drill", "connection_name": "list_drill_dup_main"} */
select
      'drill_dup' as database,
      table_name as name,
      table_schema as schema,
      CASE table_type
        WHEN 'BASE TABLE' THEN 'table'
        WHEN 'VIEW' THEN 'view'
        WHEN 'LOCAL TEMPORARY' THEN 'table'
        END as type
    from system.information_schema.tables
    where lower(table_schema) = 'main'
    and lower(table_catalog) = 'drill_dup'
  
[0m15:40:47.786799 [debug] [ThreadPool]: SQL status: OK in 0.004 seconds
[0m15:40:47.789110 [debug] [ThreadPool]: On list_drill_dup_main: ROLLBACK
[0m15:40:47.790192 [debug] [ThreadPool]: On list_drill_dup_main: Close
[0m15:40:47.791965 [debug] [MainThread]: Sending event: {'category': 'dbt', 'action': 'runnable_timing', 'label': '2a1394dd-a112-4a38-9e86-6d5bf8306c12', 'context': [<snowplow_tracker.self_describing_json.SelfDescribingJson object at 0x753564460fe0>]}
[0m15:40:47.792649 [debug] [MainThread]: Using duckdb connection "master"
[0m15:40:47.793052 [debug] [MainThread]: On master: BEGIN
[0m15:40:47.793416 [debug] [MainThread]: Opening a new connection, currently in state init
[0m15:40:47.794202 [debug] [MainThread]: SQL status: OK in 0.001 seconds
[0m15:40:47.794656 [debug] [MainThread]: On master: COMMIT
[0m15:40:47.795000 [debug] [MainThread]: Using duckdb connection "master"
[0m15:40:47.795292 [debug] [MainThread]: On master: COMMIT
[0m15:40:47.795824 [debug] [MainThread]: SQL status: OK in 0.000 seconds
[0m15:40:47.796212 [debug] [MainThread]: On master: Close
[0m15:40:47.799296 [debug] [Thread-1 (]: Began running node model.ai_data_engineer.silver_crypto
[0m15:40:47.800043 [info ] [Thread-1 (]: 1 of 2 START sql table model main.silver_crypto ................................ [RUN]
[0m15:40:47.800643 [debug] [Thread-1 (]: Re-using an available connection from the pool (formerly list_drill_dup_main, now model.ai_data_engineer.silver_crypto)
[0m15:40:47.801077 [debug] [Thread-1 (]: Began compiling node model.ai_data_engineer.silver_crypto
[0m15:40:47.809524 [debug] [Thread-1 (]: Writing injected SQL for node "model.ai_data_engineer.silver_crypto"
[0m15:40:47.810291 [debug] [Thread-1 (]: Began executing node model.ai_data_engineer.silver_crypto
[0m15:40:47.845658 [debug] [Thread-1 (]: Using duckdb connection "model.ai_data_engineer.silver_crypto"
[0m15:40:47.846240 [debug] [Thread-1 (]: On model.ai_data_engineer.silver_crypto: BEGIN
[0m15:40:47.846943 [debug] [Thread-1 (]: Opening a new connection, currently in state closed
[0m15:40:47.848135 [debug] [Thread-1 (]: SQL status: OK in 0.001 seconds
[0m15:40:47.848634 [debug] [Thread-1 (]: Using duckdb connection "model.ai_data_engineer.silver_crypto"
[0m15:40:47.849047 [debug] [Thread-1 (]: On model.ai_data_engineer.silver_crypto: /* {"app": "dbt", "dbt_version": "1.12.5", "profile_name": "ai_data_engineer", "target_name": "drill", "node_id": "model.ai_data_engineer.silver_crypto"} */

        ALTER TABLE bronze_crypto ADD COLUMN IF NOT EXISTS volume_24h DOUBLE
      
[0m15:40:47.850714 [debug] [Thread-1 (]: SQL status: OK in 0.001 seconds
[0m15:40:47.883114 [debug] [Thread-1 (]: Writing runtime sql for node "model.ai_data_engineer.silver_crypto"
[0m15:40:47.884140 [debug] [Thread-1 (]: Using duckdb connection "model.ai_data_engineer.silver_crypto"
[0m15:40:47.884706 [debug] [Thread-1 (]: On model.ai_data_engineer.silver_crypto: /* {"app": "dbt", "dbt_version": "1.12.5", "profile_name": "ai_data_engineer", "target_name": "drill", "node_id": "model.ai_data_engineer.silver_crypto"} */

    

    create  table
      "drill_dup"."main"."silver_crypto__dbt_tmp"
  
    
    as (
      
-- silver_crypto (v1)
-- Staging: dedupe on natural key (coin_id, snapshot_ts), cast types,
-- standardize timestamps to UTC, add surrogate key.
-- Full refresh, idempotent: re-running on the same bronze yields identical silver.
--
-- SCHEMA DRIFT CONTRACT (pre-hook above): the CoinGecko feed once renamed
-- total_volume -> volume_24h mid-day. The loader preserves both raw columns;
-- staging coalesces them so downstream never breaks.
WITH ranked AS (
    SELECT
        coin_id,
        symbol,
        name,
        TRY_CAST(current_price AS DOUBLE)              AS current_price,
        TRY_CAST(market_cap AS DOUBLE)                 AS market_cap,
        -- drift-tolerant: prefer the canonical field, fall back to the alias
        COALESCE(TRY_CAST(total_volume AS DOUBLE),
                 TRY_CAST(volume_24h AS DOUBLE))       AS total_volume,
        TRY_CAST(price_change_percentage_24h AS DOUBLE) AS price_change_percentage_24h,
        -- CoinGecko last_updated is ISO-8601 with offset; normalize to UTC.
        CAST(last_updated AS TIMESTAMPTZ) AT TIME ZONE 'UTC' AS snapshot_ts,
        vs_currency,
        _run_id,
        CAST(_ingested_at AS TIMESTAMPTZ) AT TIME ZONE 'UTC' AS ingested_at,
        ROW_NUMBER() OVER (
            PARTITION BY coin_id, CAST(last_updated AS TIMESTAMPTZ) AT TIME ZONE 'UTC'
            ORDER BY CAST(_ingested_at AS TIMESTAMPTZ) DESC
        ) AS rn
    FROM "drill_dup"."main"."bronze_crypto"
)
SELECT
    md5(coin_id || '|' || CAST(snapshot_ts AS VARCHAR)) AS crypto_snapshot_sk,
    coin_id,
    symbol,
    name,
    current_price,
    market_cap,
    total_volume,
    price_change_percentage_24h,
    snapshot_ts,
    vs_currency,
    _run_id,
    ingested_at
FROM ranked
WHERE rn = 1
    );
    
  
[0m15:40:47.893238 [debug] [Thread-1 (]: SQL status: OK in 0.008 seconds
[0m15:40:47.900381 [debug] [Thread-1 (]: Using duckdb connection "model.ai_data_engineer.silver_crypto"
[0m15:40:47.900964 [debug] [Thread-1 (]: On model.ai_data_engineer.silver_crypto: /* {"app": "dbt", "dbt_version": "1.12.5", "profile_name": "ai_data_engineer", "target_name": "drill", "node_id": "model.ai_data_engineer.silver_crypto"} */
alter table "drill_dup"."main"."silver_crypto__dbt_tmp" rename to "silver_crypto"
[0m15:40:47.902003 [debug] [Thread-1 (]: SQL status: OK in 0.001 seconds
[0m15:40:47.921923 [debug] [Thread-1 (]: On model.ai_data_engineer.silver_crypto: COMMIT
[0m15:40:47.922503 [debug] [Thread-1 (]: Using duckdb connection "model.ai_data_engineer.silver_crypto"
[0m15:40:47.922924 [debug] [Thread-1 (]: On model.ai_data_engineer.silver_crypto: COMMIT
[0m15:40:47.946419 [debug] [Thread-1 (]: SQL status: OK in 0.023 seconds
[0m15:40:47.952681 [debug] [Thread-1 (]: Using duckdb connection "model.ai_data_engineer.silver_crypto"
[0m15:40:47.953218 [debug] [Thread-1 (]: On model.ai_data_engineer.silver_crypto: /* {"app": "dbt", "dbt_version": "1.12.5", "profile_name": "ai_data_engineer", "target_name": "drill", "node_id": "model.ai_data_engineer.silver_crypto"} */

      drop table if exists "drill_dup"."main"."silver_crypto__dbt_backup" cascade
    
[0m15:40:47.954117 [debug] [Thread-1 (]: SQL status: OK in 0.000 seconds
[0m15:40:47.957421 [debug] [Thread-1 (]: On model.ai_data_engineer.silver_crypto: Close
[0m15:40:47.959792 [debug] [Thread-1 (]: Sending event: {'category': 'dbt', 'action': 'run_model', 'label': '2a1394dd-a112-4a38-9e86-6d5bf8306c12', 'context': [<snowplow_tracker.self_describing_json.SelfDescribingJson object at 0x753556d957c0>]}
[0m15:40:47.960713 [info ] [Thread-1 (]: 1 of 2 OK created sql table model main.silver_crypto ........................... [[32mOK[0m in 0.16s]
[0m15:40:47.961529 [debug] [Thread-1 (]: Finished running node model.ai_data_engineer.silver_crypto
[0m15:40:47.962064 [debug] [Thread-1 (]: Began running node model.ai_data_engineer.silver_weather
[0m15:40:47.962748 [info ] [Thread-1 (]: 2 of 2 START sql table model main.silver_weather ............................... [RUN]
[0m15:40:47.963355 [debug] [Thread-1 (]: Re-using an available connection from the pool (formerly model.ai_data_engineer.silver_crypto, now model.ai_data_engineer.silver_weather)
[0m15:40:47.963771 [debug] [Thread-1 (]: Began compiling node model.ai_data_engineer.silver_weather
[0m15:40:47.966984 [debug] [Thread-1 (]: Writing injected SQL for node "model.ai_data_engineer.silver_weather"
[0m15:40:47.967749 [debug] [Thread-1 (]: Began executing node model.ai_data_engineer.silver_weather
[0m15:40:47.971273 [debug] [Thread-1 (]: Writing runtime sql for node "model.ai_data_engineer.silver_weather"
[0m15:40:47.972063 [debug] [Thread-1 (]: Using duckdb connection "model.ai_data_engineer.silver_weather"
[0m15:40:47.972518 [debug] [Thread-1 (]: On model.ai_data_engineer.silver_weather: BEGIN
[0m15:40:47.972883 [debug] [Thread-1 (]: Opening a new connection, currently in state closed
[0m15:40:47.973672 [debug] [Thread-1 (]: SQL status: OK in 0.001 seconds
[0m15:40:47.974116 [debug] [Thread-1 (]: Using duckdb connection "model.ai_data_engineer.silver_weather"
[0m15:40:47.974527 [debug] [Thread-1 (]: On model.ai_data_engineer.silver_weather: /* {"app": "dbt", "dbt_version": "1.12.5", "profile_name": "ai_data_engineer", "target_name": "drill", "node_id": "model.ai_data_engineer.silver_weather"} */

    

    create  table
      "drill_dup"."main"."silver_weather__dbt_tmp"
  
    
    as (
      
-- silver_weather (v1)
-- Staging: dedupe on natural key (city, hour_ts), cast types,
-- add surrogate key. Open-Meteo already returns UTC hourly grain.
-- Full refresh, idempotent.
WITH ranked AS (
    SELECT
        city,
        TRY_CAST(latitude AS DOUBLE)  AS latitude,
        TRY_CAST(longitude AS DOUBLE) AS longitude,
        CAST(hour_ts AS TIMESTAMP)    AS hour_ts,   -- already UTC ISO
        TRY_CAST(temperature_2m AS DOUBLE) AS temperature_2m,
        _run_id,
        CAST(_ingested_at AS TIMESTAMPTZ) AT TIME ZONE 'UTC' AS ingested_at,
        ROW_NUMBER() OVER (
            PARTITION BY city, CAST(hour_ts AS TIMESTAMP)
            ORDER BY CAST(_ingested_at AS TIMESTAMPTZ) DESC
        ) AS rn
    FROM "drill_dup"."main"."bronze_weather"
)
SELECT
    md5(city || '|' || CAST(hour_ts AS VARCHAR)) AS weather_hour_sk,
    city,
    latitude,
    longitude,
    hour_ts,
    temperature_2m,
    _run_id,
    ingested_at
FROM ranked
WHERE rn = 1
    );
    
  
[0m15:40:47.982080 [debug] [Thread-1 (]: SQL status: OK in 0.007 seconds
[0m15:40:47.984953 [debug] [Thread-1 (]: Using duckdb connection "model.ai_data_engineer.silver_weather"
[0m15:40:47.985443 [debug] [Thread-1 (]: On model.ai_data_engineer.silver_weather: /* {"app": "dbt", "dbt_version": "1.12.5", "profile_name": "ai_data_engineer", "target_name": "drill", "node_id": "model.ai_data_engineer.silver_weather"} */
alter table "drill_dup"."main"."silver_weather__dbt_tmp" rename to "silver_weather"
[0m15:40:47.986475 [debug] [Thread-1 (]: SQL status: OK in 0.001 seconds
[0m15:40:47.988664 [debug] [Thread-1 (]: On model.ai_data_engineer.silver_weather: COMMIT
[0m15:40:47.989135 [debug] [Thread-1 (]: Using duckdb connection "model.ai_data_engineer.silver_weather"
[0m15:40:47.989589 [debug] [Thread-1 (]: On model.ai_data_engineer.silver_weather: COMMIT
[0m15:40:48.010686 [debug] [Thread-1 (]: SQL status: OK in 0.021 seconds
[0m15:40:48.013913 [debug] [Thread-1 (]: Using duckdb connection "model.ai_data_engineer.silver_weather"
[0m15:40:48.014409 [debug] [Thread-1 (]: On model.ai_data_engineer.silver_weather: /* {"app": "dbt", "dbt_version": "1.12.5", "profile_name": "ai_data_engineer", "target_name": "drill", "node_id": "model.ai_data_engineer.silver_weather"} */

      drop table if exists "drill_dup"."main"."silver_weather__dbt_backup" cascade
    
[0m15:40:48.016554 [debug] [Thread-1 (]: SQL status: OK in 0.001 seconds
[0m15:40:48.018353 [debug] [Thread-1 (]: On model.ai_data_engineer.silver_weather: Close
[0m15:40:48.019204 [debug] [Thread-1 (]: Sending event: {'category': 'dbt', 'action': 'run_model', 'label': '2a1394dd-a112-4a38-9e86-6d5bf8306c12', 'context': [<snowplow_tracker.self_describing_json.SelfDescribingJson object at 0x753556d6e360>]}
[0m15:40:48.020037 [info ] [Thread-1 (]: 2 of 2 OK created sql table model main.silver_weather .......................... [[32mOK[0m in 0.06s]
[0m15:40:48.021272 [debug] [Thread-1 (]: Finished running node model.ai_data_engineer.silver_weather
[0m15:40:48.024289 [debug] [MainThread]: Using duckdb connection "master"
[0m15:40:48.025415 [debug] [MainThread]: On master: BEGIN
[0m15:40:48.026036 [debug] [MainThread]: Opening a new connection, currently in state closed
[0m15:40:48.027072 [debug] [MainThread]: SQL status: OK in 0.001 seconds
[0m15:40:48.027816 [debug] [MainThread]: On master: COMMIT
[0m15:40:48.028397 [debug] [MainThread]: Using duckdb connection "master"
[0m15:40:48.028899 [debug] [MainThread]: On master: COMMIT
[0m15:40:48.029724 [debug] [MainThread]: SQL status: OK in 0.000 seconds
[0m15:40:48.030433 [debug] [MainThread]: On master: Close
[0m15:40:48.031164 [debug] [MainThread]: Connection 'master' was properly closed.
[0m15:40:48.031722 [debug] [MainThread]: Connection 'model.ai_data_engineer.silver_weather' was properly closed.
[0m15:40:48.032385 [info ] [MainThread]: 
[0m15:40:48.033039 [info ] [MainThread]: Finished running 2 table models in 0 hours 0 minutes and 0.37 seconds (0.37s).
[0m15:40:48.034048 [debug] [MainThread]: Command end result
[0m15:40:48.078785 [debug] [MainThread]: Wrote artifact WritableManifest to /home/hatch/workspace/ai-data-engineer/target/manifest.json
[0m15:40:48.082538 [debug] [MainThread]: Wrote artifact SemanticManifest to /home/hatch/workspace/ai-data-engineer/target/semantic_manifest.json
[0m15:40:48.086122 [debug] [MainThread]: Wrote artifact OsiDocument to /home/hatch/workspace/ai-data-engineer/target/osi_document.json
[0m15:40:48.095274 [debug] [MainThread]: Wrote artifact RunExecutionResult to /home/hatch/workspace/ai-data-engineer/target/run_results.json
[0m15:40:48.095949 [info ] [MainThread]: 
[0m15:40:48.096625 [info ] [MainThread]: [32mCompleted successfully[0m
[0m15:40:48.097162 [info ] [MainThread]: 
[0m15:40:48.097778 [info ] [MainThread]: Done. PASS=2 WARN=0 ERROR=0 SKIP=0 NO-OP=0 REUSED=0 TOTAL=2
[0m15:40:48.099252 [debug] [MainThread]: Resource report: {"command_name": "build", "command_success": true, "command_wall_clock_time": 2.980025, "process_in_blocks": "0", "process_kernel_time": 0.255345, "process_mem_max_rss": "175936", "process_out_blocks": "4136", "process_user_time": 4.610462}
[0m15:40:48.100084 [debug] [MainThread]: Command `dbt build` succeeded at 15:40:48.099907 after 2.98 seconds
[0m15:40:48.100716 [debug] [MainThread]: Sending event: {'category': 'dbt', 'action': 'invocation', 'label': 'end', 'context': [<snowplow_tracker.self_describing_json.SelfDescribingJson object at 0x753562aa2c90>, <snowplow_tracker.self_describing_json.SelfDescribingJson object at 0x7535618cc380>, <snowplow_tracker.self_describing_json.SelfDescribingJson object at 0x75356248bdd0>]}
[0m15:40:48.101361 [debug] [MainThread]: Flushing usage events
[0m15:40:48.566690 [debug] [MainThread]: An error was encountered while trying to flush usage events
[0m15:40:51.521153 [debug] [MainThread]: Sending event: {'category': 'dbt', 'action': 'invocation', 'label': 'start', 'context': [<snowplow_tracker.self_describing_json.SelfDescribingJson object at 0x75bcbde5ba70>, <snowplow_tracker.self_describing_json.SelfDescribingJson object at 0x75bcbe3540e0>, <snowplow_tracker.self_describing_json.SelfDescribingJson object at 0x75bcbe121430>]}


============================== 15:40:51.529502 | 93ecd0fb-e399-4e80-91ac-c1ea78ee57d2 ==============================
[0m15:40:51.529502 [info ] [MainThread]: Running with dbt=1.12.5
[0m15:40:51.530548 [debug] [MainThread]: running dbt with arguments {'partial_parse': 'True', 'introspect': 'True', 'use_colors': 'True', 'hints_enabled': 'True', 'log_cache_events': 'False', 'send_anonymous_usage_stats': 'True', 'indirect_selection': 'eager', 'cache_selected_only': 'False', 'quiet': 'False', 'warn_error_options': 'WarnErrorOptionsV2(error=[], warn=[], silence=[])', 'maximum_seed_size_mib': '1', 'log_format': 'default', 'no_print': 'None', 'version_check': 'True', 'debug': 'False', 'fail_fast': 'False', 'empty': 'False', 'warn_error': 'None', 'profiles_dir': '/home/hatch/workspace/ai-data-engineer', 'target_path': 'None', 'use_experimental_parser': 'False', 'printer_width': '80', 'static_parser': 'True', 'write_json': 'True', 'log_path': '/home/hatch/workspace/ai-data-engineer/logs', 'invocation_command': 'dbt build --select tag:silver --target drill --project-dir /home/hatch/workspace/ai-data-engineer --profiles-dir /home/hatch/workspace/ai-data-engineer'}
[0m15:40:51.860367 [debug] [MainThread]: Sending event: {'category': 'dbt', 'action': 'project_id', 'label': '93ecd0fb-e399-4e80-91ac-c1ea78ee57d2', 'context': [<snowplow_tracker.self_describing_json.SelfDescribingJson object at 0x75bcbd2312b0>]}
[0m15:40:51.951959 [debug] [MainThread]: Sending event: {'category': 'dbt', 'action': 'adapter_info', 'label': '93ecd0fb-e399-4e80-91ac-c1ea78ee57d2', 'context': [<snowplow_tracker.self_describing_json.SelfDescribingJson object at 0x75bcbd0ef320>]}
[0m15:40:51.954716 [info ] [MainThread]: Registered adapter: duckdb=1.11.0
[0m15:40:52.048294 [debug] [MainThread]: checksum: f5ce5c9b3e6f8e4ecbb0caade93c4c417ca66554fa65fd8c862f3cabfefcfc05, vars: {}, profile: ai_data_engineer, target: drill, version: 1.12.5
[0m15:40:52.169865 [info ] [MainThread]: Unable to do partial parsing because profile has changed
[0m15:40:52.170650 [debug] [MainThread]: Sending event: {'category': 'dbt', 'action': 'partial_parser', 'label': '93ecd0fb-e399-4e80-91ac-c1ea78ee57d2', 'context': [<snowplow_tracker.self_describing_json.SelfDescribingJson object at 0x75bcb7fc5f10>]}
[0m15:40:53.824151 [debug] [MainThread]: Sending event: {'category': 'dbt', 'action': 'load_project', 'label': '93ecd0fb-e399-4e80-91ac-c1ea78ee57d2', 'context': [<snowplow_tracker.self_describing_json.SelfDescribingJson object at 0x75bcb7fc6ed0>]}
[0m15:40:53.944287 [debug] [MainThread]: Wrote artifact WritableManifest to /home/hatch/workspace/ai-data-engineer/target/manifest.json
[0m15:40:53.947955 [debug] [MainThread]: Wrote artifact SemanticManifest to /home/hatch/workspace/ai-data-engineer/target/semantic_manifest.json
[0m15:40:53.964784 [debug] [MainThread]: Wrote artifact OsiDocument to /home/hatch/workspace/ai-data-engineer/target/osi_document.json
[0m15:40:53.993121 [debug] [MainThread]: Sending event: {'category': 'dbt', 'action': 'resource_counts', 'label': '93ecd0fb-e399-4e80-91ac-c1ea78ee57d2', 'context': [<snowplow_tracker.self_describing_json.SelfDescribingJson object at 0x75bcb7540920>]}
[0m15:40:53.993907 [info ] [MainThread]: Found 4 models, 2 sources, 500 macros
[0m15:40:53.996527 [info ] [MainThread]: 
[0m15:40:53.997136 [info ] [MainThread]: Concurrency: 1 threads (target='drill')
[0m15:40:53.997548 [info ] [MainThread]: 
[0m15:40:53.998217 [debug] [MainThread]: Acquiring new duckdb connection 'master'
[0m15:40:54.005534 [debug] [ThreadPool]: Acquiring new duckdb connection 'list_drill_nullflood'
[0m15:40:54.054377 [debug] [ThreadPool]: Using duckdb connection "list_drill_nullflood"
[0m15:40:54.055645 [debug] [ThreadPool]: On list_drill_nullflood: /* {"app": "dbt", "dbt_version": "1.12.5", "profile_name": "ai_data_engineer", "target_name": "drill", "connection_name": "list_drill_nullflood"} */

    
    select schema_name
    from system.information_schema.schemata
    
    where lower(catalog_name) = '"drill_nullflood"'
    
  
  
[0m15:40:54.056209 [debug] [ThreadPool]: Opening a new connection, currently in state init
[0m15:40:54.077665 [debug] [ThreadPool]: SQL status: OK in 0.021 seconds
[0m15:40:54.081615 [debug] [ThreadPool]: On list_drill_nullflood: Close
[0m15:40:54.083975 [debug] [ThreadPool]: Re-using an available connection from the pool (formerly list_drill_nullflood, now create_drill_nullflood_main)
[0m15:40:54.085631 [debug] [ThreadPool]: Creating schema "database: "drill_nullflood"
schema: "main"
"
[0m15:40:54.097632 [debug] [ThreadPool]: Using duckdb connection "create_drill_nullflood_main"
[0m15:40:54.098298 [debug] [ThreadPool]: On create_drill_nullflood_main: /* {"app": "dbt", "dbt_version": "1.12.5", "profile_name": "ai_data_engineer", "target_name": "drill", "connection_name": "create_drill_nullflood_main"} */

    
        select type from duckdb_databases()
        where lower(database_name)='drill_nullflood'
        and type != 'duckdb'
    
  
[0m15:40:54.098686 [debug] [ThreadPool]: Opening a new connection, currently in state closed
[0m15:40:54.101146 [debug] [ThreadPool]: SQL status: OK in 0.002 seconds
[0m15:40:54.103107 [debug] [ThreadPool]: Using duckdb connection "create_drill_nullflood_main"
[0m15:40:54.103577 [debug] [ThreadPool]: On create_drill_nullflood_main: BEGIN
[0m15:40:54.104501 [debug] [ThreadPool]: SQL status: OK in 0.000 seconds
[0m15:40:54.104992 [debug] [ThreadPool]: Using duckdb connection "create_drill_nullflood_main"
[0m15:40:54.105352 [debug] [ThreadPool]: On create_drill_nullflood_main: /* {"app": "dbt", "dbt_version": "1.12.5", "profile_name": "ai_data_engineer", "target_name": "drill", "connection_name": "create_drill_nullflood_main"} */

    
    
        create schema if not exists "drill_nullflood"."main"
    
[0m15:40:54.106168 [debug] [ThreadPool]: SQL status: OK in 0.000 seconds
[0m15:40:54.107517 [debug] [ThreadPool]: On create_drill_nullflood_main: COMMIT
[0m15:40:54.108173 [debug] [ThreadPool]: Using duckdb connection "create_drill_nullflood_main"
[0m15:40:54.108555 [debug] [ThreadPool]: On create_drill_nullflood_main: COMMIT
[0m15:40:54.109266 [debug] [ThreadPool]: SQL status: OK in 0.000 seconds
[0m15:40:54.109717 [debug] [ThreadPool]: On create_drill_nullflood_main: Close
[0m15:40:54.112165 [debug] [ThreadPool]: Re-using an available connection from the pool (formerly create_drill_nullflood_main, now list_drill_nullflood_main)
[0m15:40:54.119964 [debug] [ThreadPool]: Using duckdb connection "list_drill_nullflood_main"
[0m15:40:54.120627 [debug] [ThreadPool]: On list_drill_nullflood_main: BEGIN
[0m15:40:54.121065 [debug] [ThreadPool]: Opening a new connection, currently in state closed
[0m15:40:54.122011 [debug] [ThreadPool]: SQL status: OK in 0.001 seconds
[0m15:40:54.122593 [debug] [ThreadPool]: Using duckdb connection "list_drill_nullflood_main"
[0m15:40:54.123068 [debug] [ThreadPool]: On list_drill_nullflood_main: /* {"app": "dbt", "dbt_version": "1.12.5", "profile_name": "ai_data_engineer", "target_name": "drill", "connection_name": "list_drill_nullflood_main"} */
select
      'drill_nullflood' as database,
      table_name as name,
      table_schema as schema,
      CASE table_type
        WHEN 'BASE TABLE' THEN 'table'
        WHEN 'VIEW' THEN 'view'
        WHEN 'LOCAL TEMPORARY' THEN 'table'
        END as type
    from system.information_schema.tables
    where lower(table_schema) = 'main'
    and lower(table_catalog) = 'drill_nullflood'
  
[0m15:40:54.128194 [debug] [ThreadPool]: SQL status: OK in 0.005 seconds
[0m15:40:54.130638 [debug] [ThreadPool]: On list_drill_nullflood_main: ROLLBACK
[0m15:40:54.132163 [debug] [ThreadPool]: On list_drill_nullflood_main: Close
[0m15:40:54.135136 [debug] [MainThread]: Sending event: {'category': 'dbt', 'action': 'runnable_timing', 'label': '93ecd0fb-e399-4e80-91ac-c1ea78ee57d2', 'context': [<snowplow_tracker.self_describing_json.SelfDescribingJson object at 0x75bcb6885970>]}
[0m15:40:54.136691 [debug] [MainThread]: Using duckdb connection "master"
[0m15:40:54.137604 [debug] [MainThread]: On master: BEGIN
[0m15:40:54.138264 [debug] [MainThread]: Opening a new connection, currently in state init
[0m15:40:54.139599 [debug] [MainThread]: SQL status: OK in 0.001 seconds
[0m15:40:54.140476 [debug] [MainThread]: On master: COMMIT
[0m15:40:54.140985 [debug] [MainThread]: Using duckdb connection "master"
[0m15:40:54.141584 [debug] [MainThread]: On master: COMMIT
[0m15:40:54.142555 [debug] [MainThread]: SQL status: OK in 0.000 seconds
[0m15:40:54.143294 [debug] [MainThread]: On master: Close
[0m15:40:54.147566 [debug] [Thread-1 (]: Began running node model.ai_data_engineer.silver_crypto
[0m15:40:54.148480 [info ] [Thread-1 (]: 1 of 2 START sql table model main.silver_crypto ................................ [RUN]
[0m15:40:54.149404 [debug] [Thread-1 (]: Re-using an available connection from the pool (formerly list_drill_nullflood_main, now model.ai_data_engineer.silver_crypto)
[0m15:40:54.150012 [debug] [Thread-1 (]: Began compiling node model.ai_data_engineer.silver_crypto
[0m15:40:54.158847 [debug] [Thread-1 (]: Writing injected SQL for node "model.ai_data_engineer.silver_crypto"
[0m15:40:54.159879 [debug] [Thread-1 (]: Began executing node model.ai_data_engineer.silver_crypto
[0m15:40:54.195135 [debug] [Thread-1 (]: Using duckdb connection "model.ai_data_engineer.silver_crypto"
[0m15:40:54.195905 [debug] [Thread-1 (]: On model.ai_data_engineer.silver_crypto: BEGIN
[0m15:40:54.196457 [debug] [Thread-1 (]: Opening a new connection, currently in state closed
[0m15:40:54.197662 [debug] [Thread-1 (]: SQL status: OK in 0.001 seconds
[0m15:40:54.198330 [debug] [Thread-1 (]: Using duckdb connection "model.ai_data_engineer.silver_crypto"
[0m15:40:54.198907 [debug] [Thread-1 (]: On model.ai_data_engineer.silver_crypto: /* {"app": "dbt", "dbt_version": "1.12.5", "profile_name": "ai_data_engineer", "target_name": "drill", "node_id": "model.ai_data_engineer.silver_crypto"} */

        ALTER TABLE bronze_crypto ADD COLUMN IF NOT EXISTS volume_24h DOUBLE
      
[0m15:40:54.200658 [debug] [Thread-1 (]: SQL status: OK in 0.001 seconds
[0m15:40:54.231598 [debug] [Thread-1 (]: Writing runtime sql for node "model.ai_data_engineer.silver_crypto"
[0m15:40:54.232497 [debug] [Thread-1 (]: Using duckdb connection "model.ai_data_engineer.silver_crypto"
[0m15:40:54.233055 [debug] [Thread-1 (]: On model.ai_data_engineer.silver_crypto: /* {"app": "dbt", "dbt_version": "1.12.5", "profile_name": "ai_data_engineer", "target_name": "drill", "node_id": "model.ai_data_engineer.silver_crypto"} */

    

    create  table
      "drill_nullflood"."main"."silver_crypto__dbt_tmp"
  
    
    as (
      
-- silver_crypto (v1)
-- Staging: dedupe on natural key (coin_id, snapshot_ts), cast types,
-- standardize timestamps to UTC, add surrogate key.
-- Full refresh, idempotent: re-running on the same bronze yields identical silver.
--
-- SCHEMA DRIFT CONTRACT (pre-hook above): the CoinGecko feed once renamed
-- total_volume -> volume_24h mid-day. The loader preserves both raw columns;
-- staging coalesces them so downstream never breaks.
WITH ranked AS (
    SELECT
        coin_id,
        symbol,
        name,
        TRY_CAST(current_price AS DOUBLE)              AS current_price,
        TRY_CAST(market_cap AS DOUBLE)                 AS market_cap,
        -- drift-tolerant: prefer the canonical field, fall back to the alias
        COALESCE(TRY_CAST(total_volume AS DOUBLE),
                 TRY_CAST(volume_24h AS DOUBLE))       AS total_volume,
        TRY_CAST(price_change_percentage_24h AS DOUBLE) AS price_change_percentage_24h,
        -- CoinGecko last_updated is ISO-8601 with offset; normalize to UTC.
        CAST(last_updated AS TIMESTAMPTZ) AT TIME ZONE 'UTC' AS snapshot_ts,
        vs_currency,
        _run_id,
        CAST(_ingested_at AS TIMESTAMPTZ) AT TIME ZONE 'UTC' AS ingested_at,
        ROW_NUMBER() OVER (
            PARTITION BY coin_id, CAST(last_updated AS TIMESTAMPTZ) AT TIME ZONE 'UTC'
            ORDER BY CAST(_ingested_at AS TIMESTAMPTZ) DESC
        ) AS rn
    FROM "drill_nullflood"."main"."bronze_crypto"
)
SELECT
    md5(coin_id || '|' || CAST(snapshot_ts AS VARCHAR)) AS crypto_snapshot_sk,
    coin_id,
    symbol,
    name,
    current_price,
    market_cap,
    total_volume,
    price_change_percentage_24h,
    snapshot_ts,
    vs_currency,
    _run_id,
    ingested_at
FROM ranked
WHERE rn = 1
    );
    
  
[0m15:40:54.241646 [debug] [Thread-1 (]: SQL status: OK in 0.008 seconds
[0m15:40:54.248838 [debug] [Thread-1 (]: Using duckdb connection "model.ai_data_engineer.silver_crypto"
[0m15:40:54.249396 [debug] [Thread-1 (]: On model.ai_data_engineer.silver_crypto: /* {"app": "dbt", "dbt_version": "1.12.5", "profile_name": "ai_data_engineer", "target_name": "drill", "node_id": "model.ai_data_engineer.silver_crypto"} */
alter table "drill_nullflood"."main"."silver_crypto__dbt_tmp" rename to "silver_crypto"
[0m15:40:54.250439 [debug] [Thread-1 (]: SQL status: OK in 0.001 seconds
[0m15:40:54.270193 [debug] [Thread-1 (]: On model.ai_data_engineer.silver_crypto: COMMIT
[0m15:40:54.270786 [debug] [Thread-1 (]: Using duckdb connection "model.ai_data_engineer.silver_crypto"
[0m15:40:54.271211 [debug] [Thread-1 (]: On model.ai_data_engineer.silver_crypto: COMMIT
[0m15:40:54.294683 [debug] [Thread-1 (]: SQL status: OK in 0.023 seconds
[0m15:40:54.301021 [debug] [Thread-1 (]: Using duckdb connection "model.ai_data_engineer.silver_crypto"
[0m15:40:54.301578 [debug] [Thread-1 (]: On model.ai_data_engineer.silver_crypto: /* {"app": "dbt", "dbt_version": "1.12.5", "profile_name": "ai_data_engineer", "target_name": "drill", "node_id": "model.ai_data_engineer.silver_crypto"} */

      drop table if exists "drill_nullflood"."main"."silver_crypto__dbt_backup" cascade
    
[0m15:40:54.302735 [debug] [Thread-1 (]: SQL status: OK in 0.001 seconds
[0m15:40:54.305958 [debug] [Thread-1 (]: On model.ai_data_engineer.silver_crypto: Close
[0m15:40:54.308279 [debug] [Thread-1 (]: Sending event: {'category': 'dbt', 'action': 'run_model', 'label': '93ecd0fb-e399-4e80-91ac-c1ea78ee57d2', 'context': [<snowplow_tracker.self_describing_json.SelfDescribingJson object at 0x75bcb7acbf20>]}
[0m15:40:54.309203 [info ] [Thread-1 (]: 1 of 2 OK created sql table model main.silver_crypto ........................... [[32mOK[0m in 0.16s]
[0m15:40:54.309972 [debug] [Thread-1 (]: Finished running node model.ai_data_engineer.silver_crypto
[0m15:40:54.310504 [debug] [Thread-1 (]: Began running node model.ai_data_engineer.silver_weather
[0m15:40:54.311297 [info ] [Thread-1 (]: 2 of 2 START sql table model main.silver_weather ............................... [RUN]
[0m15:40:54.311920 [debug] [Thread-1 (]: Re-using an available connection from the pool (formerly model.ai_data_engineer.silver_crypto, now model.ai_data_engineer.silver_weather)
[0m15:40:54.312360 [debug] [Thread-1 (]: Began compiling node model.ai_data_engineer.silver_weather
[0m15:40:54.315483 [debug] [Thread-1 (]: Writing injected SQL for node "model.ai_data_engineer.silver_weather"
[0m15:40:54.316239 [debug] [Thread-1 (]: Began executing node model.ai_data_engineer.silver_weather
[0m15:40:54.319671 [debug] [Thread-1 (]: Writing runtime sql for node "model.ai_data_engineer.silver_weather"
[0m15:40:54.320416 [debug] [Thread-1 (]: Using duckdb connection "model.ai_data_engineer.silver_weather"
[0m15:40:54.320869 [debug] [Thread-1 (]: On model.ai_data_engineer.silver_weather: BEGIN
[0m15:40:54.321233 [debug] [Thread-1 (]: Opening a new connection, currently in state closed
[0m15:40:54.322032 [debug] [Thread-1 (]: SQL status: OK in 0.001 seconds
[0m15:40:54.322490 [debug] [Thread-1 (]: Using duckdb connection "model.ai_data_engineer.silver_weather"
[0m15:40:54.322895 [debug] [Thread-1 (]: On model.ai_data_engineer.silver_weather: /* {"app": "dbt", "dbt_version": "1.12.5", "profile_name": "ai_data_engineer", "target_name": "drill", "node_id": "model.ai_data_engineer.silver_weather"} */

    

    create  table
      "drill_nullflood"."main"."silver_weather__dbt_tmp"
  
    
    as (
      
-- silver_weather (v1)
-- Staging: dedupe on natural key (city, hour_ts), cast types,
-- add surrogate key. Open-Meteo already returns UTC hourly grain.
-- Full refresh, idempotent.
WITH ranked AS (
    SELECT
        city,
        TRY_CAST(latitude AS DOUBLE)  AS latitude,
        TRY_CAST(longitude AS DOUBLE) AS longitude,
        CAST(hour_ts AS TIMESTAMP)    AS hour_ts,   -- already UTC ISO
        TRY_CAST(temperature_2m AS DOUBLE) AS temperature_2m,
        _run_id,
        CAST(_ingested_at AS TIMESTAMPTZ) AT TIME ZONE 'UTC' AS ingested_at,
        ROW_NUMBER() OVER (
            PARTITION BY city, CAST(hour_ts AS TIMESTAMP)
            ORDER BY CAST(_ingested_at AS TIMESTAMPTZ) DESC
        ) AS rn
    FROM "drill_nullflood"."main"."bronze_weather"
)
SELECT
    md5(city || '|' || CAST(hour_ts AS VARCHAR)) AS weather_hour_sk,
    city,
    latitude,
    longitude,
    hour_ts,
    temperature_2m,
    _run_id,
    ingested_at
FROM ranked
WHERE rn = 1
    );
    
  
[0m15:40:54.331083 [debug] [Thread-1 (]: SQL status: OK in 0.008 seconds
[0m15:40:54.336439 [debug] [Thread-1 (]: Using duckdb connection "model.ai_data_engineer.silver_weather"
[0m15:40:54.337104 [debug] [Thread-1 (]: On model.ai_data_engineer.silver_weather: /* {"app": "dbt", "dbt_version": "1.12.5", "profile_name": "ai_data_engineer", "target_name": "drill", "node_id": "model.ai_data_engineer.silver_weather"} */
alter table "drill_nullflood"."main"."silver_weather__dbt_tmp" rename to "silver_weather"
[0m15:40:54.338936 [debug] [Thread-1 (]: SQL status: OK in 0.001 seconds
[0m15:40:54.341640 [debug] [Thread-1 (]: On model.ai_data_engineer.silver_weather: COMMIT
[0m15:40:54.342531 [debug] [Thread-1 (]: Using duckdb connection "model.ai_data_engineer.silver_weather"
[0m15:40:54.343606 [debug] [Thread-1 (]: On model.ai_data_engineer.silver_weather: COMMIT
[0m15:40:54.367215 [debug] [Thread-1 (]: SQL status: OK in 0.023 seconds
[0m15:40:54.369852 [debug] [Thread-1 (]: Using duckdb connection "model.ai_data_engineer.silver_weather"
[0m15:40:54.370503 [debug] [Thread-1 (]: On model.ai_data_engineer.silver_weather: /* {"app": "dbt", "dbt_version": "1.12.5", "profile_name": "ai_data_engineer", "target_name": "drill", "node_id": "model.ai_data_engineer.silver_weather"} */

      drop table if exists "drill_nullflood"."main"."silver_weather__dbt_backup" cascade
    
[0m15:40:54.371613 [debug] [Thread-1 (]: SQL status: OK in 0.001 seconds
[0m15:40:54.373492 [debug] [Thread-1 (]: On model.ai_data_engineer.silver_weather: Close
[0m15:40:54.374306 [debug] [Thread-1 (]: Sending event: {'category': 'dbt', 'action': 'run_model', 'label': '93ecd0fb-e399-4e80-91ac-c1ea78ee57d2', 'context': [<snowplow_tracker.self_describing_json.SelfDescribingJson object at 0x75bcb6891520>]}
[0m15:40:54.375148 [info ] [Thread-1 (]: 2 of 2 OK created sql table model main.silver_weather .......................... [[32mOK[0m in 0.06s]
[0m15:40:54.375920 [debug] [Thread-1 (]: Finished running node model.ai_data_engineer.silver_weather
[0m15:40:54.378045 [debug] [MainThread]: Using duckdb connection "master"
[0m15:40:54.378899 [debug] [MainThread]: On master: BEGIN
[0m15:40:54.379403 [debug] [MainThread]: Opening a new connection, currently in state closed
[0m15:40:54.380556 [debug] [MainThread]: SQL status: OK in 0.001 seconds
[0m15:40:54.381027 [debug] [MainThread]: On master: COMMIT
[0m15:40:54.381452 [debug] [MainThread]: Using duckdb connection "master"
[0m15:40:54.381764 [debug] [MainThread]: On master: COMMIT
[0m15:40:54.382483 [debug] [MainThread]: SQL status: OK in 0.000 seconds
[0m15:40:54.382911 [debug] [MainThread]: On master: Close
[0m15:40:54.383557 [debug] [MainThread]: Connection 'master' was properly closed.
[0m15:40:54.383932 [debug] [MainThread]: Connection 'model.ai_data_engineer.silver_weather' was properly closed.
[0m15:40:54.384643 [info ] [MainThread]: 
[0m15:40:54.385862 [info ] [MainThread]: Finished running 2 table models in 0 hours 0 minutes and 0.39 seconds (0.39s).
[0m15:40:54.387085 [debug] [MainThread]: Command end result
[0m15:40:54.428400 [debug] [MainThread]: Wrote artifact WritableManifest to /home/hatch/workspace/ai-data-engineer/target/manifest.json
[0m15:40:54.431979 [debug] [MainThread]: Wrote artifact SemanticManifest to /home/hatch/workspace/ai-data-engineer/target/semantic_manifest.json
[0m15:40:54.435201 [debug] [MainThread]: Wrote artifact OsiDocument to /home/hatch/workspace/ai-data-engineer/target/osi_document.json
[0m15:40:54.444479 [debug] [MainThread]: Wrote artifact RunExecutionResult to /home/hatch/workspace/ai-data-engineer/target/run_results.json
[0m15:40:54.444996 [info ] [MainThread]: 
[0m15:40:54.445485 [info ] [MainThread]: [32mCompleted successfully[0m
[0m15:40:54.445858 [info ] [MainThread]: 
[0m15:40:54.446226 [info ] [MainThread]: Done. PASS=2 WARN=0 ERROR=0 SKIP=0 NO-OP=0 REUSED=0 TOTAL=2
[0m15:40:54.447460 [debug] [MainThread]: Resource report: {"command_name": "build", "command_success": true, "command_wall_clock_time": 3.0397608, "process_in_blocks": "0", "process_kernel_time": 0.264808, "process_mem_max_rss": "175224", "process_out_blocks": "4136", "process_user_time": 4.682202}
[0m15:40:54.448107 [debug] [MainThread]: Command `dbt build` succeeded at 15:40:54.447992 after 3.04 seconds
[0m15:40:54.448556 [debug] [MainThread]: Sending event: {'category': 'dbt', 'action': 'invocation', 'label': 'end', 'context': [<snowplow_tracker.self_describing_json.SelfDescribingJson object at 0x75bcbed51430>, <snowplow_tracker.self_describing_json.SelfDescribingJson object at 0x75bcbd3d7e60>, <snowplow_tracker.self_describing_json.SelfDescribingJson object at 0x75bcbdf2dd60>]}
[0m15:40:54.449014 [debug] [MainThread]: Flushing usage events
[0m15:40:54.827508 [debug] [MainThread]: An error was encountered while trying to flush usage events
[0m15:40:57.586269 [debug] [MainThread]: Sending event: {'category': 'dbt', 'action': 'invocation', 'label': 'start', 'context': [<snowplow_tracker.self_describing_json.SelfDescribingJson object at 0x77c2a36c7230>, <snowplow_tracker.self_describing_json.SelfDescribingJson object at 0x77c2a2f84560>, <snowplow_tracker.self_describing_json.SelfDescribingJson object at 0x77c2a372a4b0>]}


============================== 15:40:57.593726 | 85d82963-973e-4da1-9aaf-98f69be5a24d ==============================
[0m15:40:57.593726 [info ] [MainThread]: Running with dbt=1.12.5
[0m15:40:57.594545 [debug] [MainThread]: running dbt with arguments {'maximum_seed_size_mib': '1', 'no_print': 'None', 'introspect': 'True', 'indirect_selection': 'eager', 'log_cache_events': 'False', 'log_path': '/home/hatch/workspace/ai-data-engineer/logs', 'partial_parse': 'True', 'target_path': 'None', 'write_json': 'True', 'use_colors': 'True', 'cache_selected_only': 'False', 'version_check': 'True', 'warn_error': 'None', 'warn_error_options': 'WarnErrorOptionsV2(error=[], warn=[], silence=[])', 'hints_enabled': 'True', 'send_anonymous_usage_stats': 'True', 'fail_fast': 'False', 'log_format': 'default', 'empty': 'False', 'printer_width': '80', 'debug': 'False', 'quiet': 'False', 'profiles_dir': '/home/hatch/workspace/ai-data-engineer', 'use_experimental_parser': 'False', 'invocation_command': 'dbt build --select tag:gold --target drill --project-dir /home/hatch/workspace/ai-data-engineer --profiles-dir /home/hatch/workspace/ai-data-engineer', 'static_parser': 'True'}
[0m15:40:57.893981 [debug] [MainThread]: Sending event: {'category': 'dbt', 'action': 'project_id', 'label': '85d82963-973e-4da1-9aaf-98f69be5a24d', 'context': [<snowplow_tracker.self_describing_json.SelfDescribingJson object at 0x77c2a21ff650>]}
[0m15:40:57.983270 [debug] [MainThread]: Sending event: {'category': 'dbt', 'action': 'adapter_info', 'label': '85d82963-973e-4da1-9aaf-98f69be5a24d', 'context': [<snowplow_tracker.self_describing_json.SelfDescribingJson object at 0x77c2a20fbb00>]}
[0m15:40:57.986065 [info ] [MainThread]: Registered adapter: duckdb=1.11.0
[0m15:40:58.083846 [debug] [MainThread]: checksum: f5ce5c9b3e6f8e4ecbb0caade93c4c417ca66554fa65fd8c862f3cabfefcfc05, vars: {}, profile: ai_data_engineer, target: drill, version: 1.12.5
[0m15:40:58.228243 [debug] [MainThread]: Partial parsing enabled: 0 files deleted, 0 files added, 0 files changed.
[0m15:40:58.228957 [debug] [MainThread]: Nothing changed, skipping partial parsing.
[0m15:40:58.229368 [debug] [MainThread]: Partial parsing enabled, no changes found, skipping parsing
[0m15:40:58.243861 [debug] [MainThread]: Sending event: {'category': 'dbt', 'action': 'load_project', 'label': '85d82963-973e-4da1-9aaf-98f69be5a24d', 'context': [<snowplow_tracker.self_describing_json.SelfDescribingJson object at 0x77c29d3c39e0>]}
[0m15:40:58.398058 [debug] [MainThread]: Wrote artifact WritableManifest to /home/hatch/workspace/ai-data-engineer/target/manifest.json
[0m15:40:58.401903 [debug] [MainThread]: Wrote artifact SemanticManifest to /home/hatch/workspace/ai-data-engineer/target/semantic_manifest.json
[0m15:40:58.419088 [debug] [MainThread]: Wrote artifact OsiDocument to /home/hatch/workspace/ai-data-engineer/target/osi_document.json
[0m15:40:58.445972 [debug] [MainThread]: Sending event: {'category': 'dbt', 'action': 'resource_counts', 'label': '85d82963-973e-4da1-9aaf-98f69be5a24d', 'context': [<snowplow_tracker.self_describing_json.SelfDescribingJson object at 0x77c29cb97830>]}
[0m15:40:58.446719 [info ] [MainThread]: Found 4 models, 2 sources, 500 macros
[0m15:40:58.449343 [info ] [MainThread]: 
[0m15:40:58.449936 [info ] [MainThread]: Concurrency: 1 threads (target='drill')
[0m15:40:58.450346 [info ] [MainThread]: 
[0m15:40:58.451062 [debug] [MainThread]: Acquiring new duckdb connection 'master'
[0m15:40:58.458152 [debug] [ThreadPool]: Acquiring new duckdb connection 'list_drill_nullflood'
[0m15:40:58.623452 [debug] [ThreadPool]: Using duckdb connection "list_drill_nullflood"
[0m15:40:58.624217 [debug] [ThreadPool]: On list_drill_nullflood: /* {"app": "dbt", "dbt_version": "1.12.5", "profile_name": "ai_data_engineer", "target_name": "drill", "connection_name": "list_drill_nullflood"} */

    
    select schema_name
    from system.information_schema.schemata
    
    where lower(catalog_name) = '"drill_nullflood"'
    
  
  
[0m15:40:58.624654 [debug] [ThreadPool]: Opening a new connection, currently in state init
[0m15:40:58.644932 [debug] [ThreadPool]: SQL status: OK in 0.020 seconds
[0m15:40:58.647031 [debug] [ThreadPool]: On list_drill_nullflood: Close
[0m15:40:58.648202 [debug] [ThreadPool]: Re-using an available connection from the pool (formerly list_drill_nullflood, now create_drill_nullflood_main)
[0m15:40:58.648936 [debug] [ThreadPool]: Creating schema "database: "drill_nullflood"
schema: "main"
"
[0m15:40:58.659451 [debug] [ThreadPool]: Using duckdb connection "create_drill_nullflood_main"
[0m15:40:58.660047 [debug] [ThreadPool]: On create_drill_nullflood_main: /* {"app": "dbt", "dbt_version": "1.12.5", "profile_name": "ai_data_engineer", "target_name": "drill", "connection_name": "create_drill_nullflood_main"} */

    
        select type from duckdb_databases()
        where lower(database_name)='drill_nullflood'
        and type != 'duckdb'
    
  
[0m15:40:58.660426 [debug] [ThreadPool]: Opening a new connection, currently in state closed
[0m15:40:58.662054 [debug] [ThreadPool]: SQL status: OK in 0.002 seconds
[0m15:40:58.663867 [debug] [ThreadPool]: Using duckdb connection "create_drill_nullflood_main"
[0m15:40:58.664338 [debug] [ThreadPool]: On create_drill_nullflood_main: BEGIN
[0m15:40:58.665057 [debug] [ThreadPool]: SQL status: OK in 0.000 seconds
[0m15:40:58.665483 [debug] [ThreadPool]: Using duckdb connection "create_drill_nullflood_main"
[0m15:40:58.665863 [debug] [ThreadPool]: On create_drill_nullflood_main: /* {"app": "dbt", "dbt_version": "1.12.5", "profile_name": "ai_data_engineer", "target_name": "drill", "connection_name": "create_drill_nullflood_main"} */

    
    
        create schema if not exists "drill_nullflood"."main"
    
[0m15:40:58.666609 [debug] [ThreadPool]: SQL status: OK in 0.000 seconds
[0m15:40:58.667830 [debug] [ThreadPool]: On create_drill_nullflood_main: COMMIT
[0m15:40:58.668231 [debug] [ThreadPool]: Using duckdb connection "create_drill_nullflood_main"
[0m15:40:58.668589 [debug] [ThreadPool]: On create_drill_nullflood_main: COMMIT
[0m15:40:58.669262 [debug] [ThreadPool]: SQL status: OK in 0.000 seconds
[0m15:40:58.669679 [debug] [ThreadPool]: On create_drill_nullflood_main: Close
[0m15:40:58.671728 [debug] [ThreadPool]: Re-using an available connection from the pool (formerly create_drill_nullflood_main, now list_drill_nullflood_main)
[0m15:40:58.678435 [debug] [ThreadPool]: Using duckdb connection "list_drill_nullflood_main"
[0m15:40:58.679009 [debug] [ThreadPool]: On list_drill_nullflood_main: BEGIN
[0m15:40:58.679396 [debug] [ThreadPool]: Opening a new connection, currently in state closed
[0m15:40:58.680356 [debug] [ThreadPool]: SQL status: OK in 0.001 seconds
[0m15:40:58.680850 [debug] [ThreadPool]: Using duckdb connection "list_drill_nullflood_main"
[0m15:40:58.681213 [debug] [ThreadPool]: On list_drill_nullflood_main: /* {"app": "dbt", "dbt_version": "1.12.5", "profile_name": "ai_data_engineer", "target_name": "drill", "connection_name": "list_drill_nullflood_main"} */
select
      'drill_nullflood' as database,
      table_name as name,
      table_schema as schema,
      CASE table_type
        WHEN 'BASE TABLE' THEN 'table'
        WHEN 'VIEW' THEN 'view'
        WHEN 'LOCAL TEMPORARY' THEN 'table'
        END as type
    from system.information_schema.tables
    where lower(table_schema) = 'main'
    and lower(table_catalog) = 'drill_nullflood'
  
[0m15:40:58.686043 [debug] [ThreadPool]: SQL status: OK in 0.004 seconds
[0m15:40:58.688014 [debug] [ThreadPool]: On list_drill_nullflood_main: ROLLBACK
[0m15:40:58.688875 [debug] [ThreadPool]: On list_drill_nullflood_main: Close
[0m15:40:58.691169 [debug] [MainThread]: Sending event: {'category': 'dbt', 'action': 'runnable_timing', 'label': '85d82963-973e-4da1-9aaf-98f69be5a24d', 'context': [<snowplow_tracker.self_describing_json.SelfDescribingJson object at 0x77c29d00a630>]}
[0m15:40:58.692141 [debug] [MainThread]: Using duckdb connection "master"
[0m15:40:58.692606 [debug] [MainThread]: On master: BEGIN
[0m15:40:58.692958 [debug] [MainThread]: Opening a new connection, currently in state init
[0m15:40:58.694034 [debug] [MainThread]: SQL status: OK in 0.001 seconds
[0m15:40:58.694477 [debug] [MainThread]: On master: COMMIT
[0m15:40:58.694826 [debug] [MainThread]: Using duckdb connection "master"
[0m15:40:58.695133 [debug] [MainThread]: On master: COMMIT
[0m15:40:58.695734 [debug] [MainThread]: SQL status: OK in 0.000 seconds
[0m15:40:58.696149 [debug] [MainThread]: On master: Close
[0m15:40:58.699823 [debug] [Thread-1 (]: Began running node model.ai_data_engineer.gold_crypto_daily
[0m15:40:58.700597 [info ] [Thread-1 (]: 1 of 2 START sql table model main.gold_crypto_daily ............................ [RUN]
[0m15:40:58.701277 [debug] [Thread-1 (]: Re-using an available connection from the pool (formerly list_drill_nullflood_main, now model.ai_data_engineer.gold_crypto_daily)
[0m15:40:58.701744 [debug] [Thread-1 (]: Began compiling node model.ai_data_engineer.gold_crypto_daily
[0m15:40:58.710355 [debug] [Thread-1 (]: Writing injected SQL for node "model.ai_data_engineer.gold_crypto_daily"
[0m15:40:58.711276 [debug] [Thread-1 (]: Began executing node model.ai_data_engineer.gold_crypto_daily
[0m15:40:58.774557 [debug] [Thread-1 (]: Writing runtime sql for node "model.ai_data_engineer.gold_crypto_daily"
[0m15:40:58.775638 [debug] [Thread-1 (]: Using duckdb connection "model.ai_data_engineer.gold_crypto_daily"
[0m15:40:58.776228 [debug] [Thread-1 (]: On model.ai_data_engineer.gold_crypto_daily: BEGIN
[0m15:40:58.776665 [debug] [Thread-1 (]: Opening a new connection, currently in state closed
[0m15:40:58.777928 [debug] [Thread-1 (]: SQL status: OK in 0.001 seconds
[0m15:40:58.778449 [debug] [Thread-1 (]: Using duckdb connection "model.ai_data_engineer.gold_crypto_daily"
[0m15:40:58.778934 [debug] [Thread-1 (]: On model.ai_data_engineer.gold_crypto_daily: /* {"app": "dbt", "dbt_version": "1.12.5", "profile_name": "ai_data_engineer", "target_name": "drill", "node_id": "model.ai_data_engineer.gold_crypto_daily"} */

    

    create  table
      "drill_nullflood"."main"."gold_crypto_daily__dbt_tmp"
  
    
    as (
      
-- gold_crypto_daily (v1)
-- Mart: one row per coin per day. OHLC approximated from intra-day snapshots
-- (ingest runs every ~6h, so 2-4 snapshots/day): open = first snapshot price,
-- close = last snapshot price, high/low = min/max.
-- Grain key: (coin_id, market_date). Idempotent full refresh.
WITH ordered AS (
    SELECT
        coin_id,
        symbol,
        name,
        CAST(snapshot_ts AS DATE) AS market_date,
        snapshot_ts,
        current_price,
        market_cap,
        total_volume,
        price_change_percentage_24h,
        ROW_NUMBER() OVER (PARTITION BY coin_id, CAST(snapshot_ts AS DATE)
                           ORDER BY snapshot_ts ASC)  AS rn_asc,
        ROW_NUMBER() OVER (PARTITION BY coin_id, CAST(snapshot_ts AS DATE)
                           ORDER BY snapshot_ts DESC) AS rn_desc
    FROM "drill_nullflood"."main"."silver_crypto"
),
agg AS (
    SELECT
        coin_id,
        CAST(snapshot_ts AS DATE) AS market_date,
        MAX(symbol) AS symbol,
        MAX(name)   AS coin_name,
        COUNT(*)    AS snapshot_count,
        MIN(current_price) AS low_price,
        MAX(current_price) AS high_price,
        AVG(current_price) AS avg_price,
        AVG(total_volume)  AS avg_volume,
        AVG(market_cap)    AS avg_market_cap,
        MAX(ingested_at)   AS last_ingested_at
    FROM "drill_nullflood"."main"."silver_crypto"
    GROUP BY coin_id, CAST(snapshot_ts AS DATE)
)
SELECT
    md5(a.coin_id || '|' || CAST(a.market_date AS VARCHAR)) AS crypto_daily_sk,
    a.coin_id,
    a.symbol,
    a.coin_name,
    a.market_date,
    o_open.current_price  AS open_price,
    o_close.current_price AS close_price,
    a.low_price,
    a.high_price,
    a.avg_price,
    a.avg_volume,
    a.avg_market_cap,
    o_close.price_change_percentage_24h AS change_24h_pct,
    a.snapshot_count,
    a.last_ingested_at
FROM agg a
LEFT JOIN ordered o_open
  ON o_open.coin_id = a.coin_id
 AND CAST(o_open.snapshot_ts AS DATE) = a.market_date
 AND o_open.rn_asc = 1
LEFT JOIN ordered o_close
  ON o_close.coin_id = a.coin_id
 AND CAST(o_close.snapshot_ts AS DATE) = a.market_date
 AND o_close.rn_desc = 1
    );
    
  
[0m15:40:58.791173 [debug] [Thread-1 (]: SQL status: OK in 0.012 seconds
[0m15:40:58.798235 [debug] [Thread-1 (]: Using duckdb connection "model.ai_data_engineer.gold_crypto_daily"
[0m15:40:58.798828 [debug] [Thread-1 (]: On model.ai_data_engineer.gold_crypto_daily: /* {"app": "dbt", "dbt_version": "1.12.5", "profile_name": "ai_data_engineer", "target_name": "drill", "node_id": "model.ai_data_engineer.gold_crypto_daily"} */
alter table "drill_nullflood"."main"."gold_crypto_daily__dbt_tmp" rename to "gold_crypto_daily"
[0m15:40:58.799869 [debug] [Thread-1 (]: SQL status: OK in 0.001 seconds
[0m15:40:58.819564 [debug] [Thread-1 (]: On model.ai_data_engineer.gold_crypto_daily: COMMIT
[0m15:40:58.820220 [debug] [Thread-1 (]: Using duckdb connection "model.ai_data_engineer.gold_crypto_daily"
[0m15:40:58.820669 [debug] [Thread-1 (]: On model.ai_data_engineer.gold_crypto_daily: COMMIT
[0m15:40:58.843384 [debug] [Thread-1 (]: SQL status: OK in 0.022 seconds
[0m15:40:58.849935 [debug] [Thread-1 (]: Using duckdb connection "model.ai_data_engineer.gold_crypto_daily"
[0m15:40:58.850516 [debug] [Thread-1 (]: On model.ai_data_engineer.gold_crypto_daily: /* {"app": "dbt", "dbt_version": "1.12.5", "profile_name": "ai_data_engineer", "target_name": "drill", "node_id": "model.ai_data_engineer.gold_crypto_daily"} */

      drop table if exists "drill_nullflood"."main"."gold_crypto_daily__dbt_backup" cascade
    
[0m15:40:58.852228 [debug] [Thread-1 (]: SQL status: OK in 0.000 seconds
[0m15:40:58.855545 [debug] [Thread-1 (]: On model.ai_data_engineer.gold_crypto_daily: Close
[0m15:40:58.857902 [debug] [Thread-1 (]: Sending event: {'category': 'dbt', 'action': 'run_model', 'label': '85d82963-973e-4da1-9aaf-98f69be5a24d', 'context': [<snowplow_tracker.self_describing_json.SelfDescribingJson object at 0x77c2a51ac740>]}
[0m15:40:58.858858 [info ] [Thread-1 (]: 1 of 2 OK created sql table model main.gold_crypto_daily ....................... [[32mOK[0m in 0.16s]
[0m15:40:58.859588 [debug] [Thread-1 (]: Finished running node model.ai_data_engineer.gold_crypto_daily
[0m15:40:58.860133 [debug] [Thread-1 (]: Began running node model.ai_data_engineer.gold_weather_hourly
[0m15:40:58.860924 [info ] [Thread-1 (]: 2 of 2 START sql table model main.gold_weather_hourly .......................... [RUN]
[0m15:40:58.861533 [debug] [Thread-1 (]: Re-using an available connection from the pool (formerly model.ai_data_engineer.gold_crypto_daily, now model.ai_data_engineer.gold_weather_hourly)
[0m15:40:58.861973 [debug] [Thread-1 (]: Began compiling node model.ai_data_engineer.gold_weather_hourly
[0m15:40:58.865368 [debug] [Thread-1 (]: Writing injected SQL for node "model.ai_data_engineer.gold_weather_hourly"
[0m15:40:58.866150 [debug] [Thread-1 (]: Began executing node model.ai_data_engineer.gold_weather_hourly
[0m15:40:58.869702 [debug] [Thread-1 (]: Writing runtime sql for node "model.ai_data_engineer.gold_weather_hourly"
[0m15:40:58.870441 [debug] [Thread-1 (]: Using duckdb connection "model.ai_data_engineer.gold_weather_hourly"
[0m15:40:58.870882 [debug] [Thread-1 (]: On model.ai_data_engineer.gold_weather_hourly: BEGIN
[0m15:40:58.871241 [debug] [Thread-1 (]: Opening a new connection, currently in state closed
[0m15:40:58.872090 [debug] [Thread-1 (]: SQL status: OK in 0.001 seconds
[0m15:40:58.872557 [debug] [Thread-1 (]: Using duckdb connection "model.ai_data_engineer.gold_weather_hourly"
[0m15:40:58.872982 [debug] [Thread-1 (]: On model.ai_data_engineer.gold_weather_hourly: /* {"app": "dbt", "dbt_version": "1.12.5", "profile_name": "ai_data_engineer", "target_name": "drill", "node_id": "model.ai_data_engineer.gold_weather_hourly"} */

    

    create  table
      "drill_nullflood"."main"."gold_weather_hourly__dbt_tmp"
  
    
    as (
      
-- gold_weather_hourly (v1)
-- Mart: one row per city per hour (latest observation wins on re-delivery).
-- Enriched with the city's daily min/max for context.
-- Grain key: (city, hour_ts). Idempotent full refresh.
WITH daily AS (
    SELECT
        city,
        CAST(hour_ts AS DATE) AS weather_date,
        MIN(temperature_2m) AS day_min_temp_c,
        MAX(temperature_2m) AS day_max_temp_c
    FROM "drill_nullflood"."main"."silver_weather"
    GROUP BY city, CAST(hour_ts AS DATE)
)
SELECT
    s.weather_hour_sk,
    s.city,
    s.hour_ts,
    s.temperature_2m AS temp_c,
    d.day_min_temp_c,
    d.day_max_temp_c,
    s.latitude,
    s.longitude,
    s._run_id AS source_run_id,
    s.ingested_at
FROM "drill_nullflood"."main"."silver_weather" s
JOIN daily d
  ON d.city = s.city
 AND d.weather_date = CAST(s.hour_ts AS DATE)
    );
    
  
[0m15:40:58.879676 [debug] [Thread-1 (]: SQL status: OK in 0.006 seconds
[0m15:40:58.882739 [debug] [Thread-1 (]: Using duckdb connection "model.ai_data_engineer.gold_weather_hourly"
[0m15:40:58.883246 [debug] [Thread-1 (]: On model.ai_data_engineer.gold_weather_hourly: /* {"app": "dbt", "dbt_version": "1.12.5", "profile_name": "ai_data_engineer", "target_name": "drill", "node_id": "model.ai_data_engineer.gold_weather_hourly"} */
alter table "drill_nullflood"."main"."gold_weather_hourly__dbt_tmp" rename to "gold_weather_hourly"
[0m15:40:58.884230 [debug] [Thread-1 (]: SQL status: OK in 0.001 seconds
[0m15:40:58.886391 [debug] [Thread-1 (]: On model.ai_data_engineer.gold_weather_hourly: COMMIT
[0m15:40:58.886861 [debug] [Thread-1 (]: Using duckdb connection "model.ai_data_engineer.gold_weather_hourly"
[0m15:40:58.887223 [debug] [Thread-1 (]: On model.ai_data_engineer.gold_weather_hourly: COMMIT
[0m15:40:58.911854 [debug] [Thread-1 (]: SQL status: OK in 0.024 seconds
[0m15:40:58.913873 [debug] [Thread-1 (]: Using duckdb connection "model.ai_data_engineer.gold_weather_hourly"
[0m15:40:58.914340 [debug] [Thread-1 (]: On model.ai_data_engineer.gold_weather_hourly: /* {"app": "dbt", "dbt_version": "1.12.5", "profile_name": "ai_data_engineer", "target_name": "drill", "node_id": "model.ai_data_engineer.gold_weather_hourly"} */

      drop table if exists "drill_nullflood"."main"."gold_weather_hourly__dbt_backup" cascade
    
[0m15:40:58.915152 [debug] [Thread-1 (]: SQL status: OK in 0.000 seconds
[0m15:40:58.916831 [debug] [Thread-1 (]: On model.ai_data_engineer.gold_weather_hourly: Close
[0m15:40:58.917602 [debug] [Thread-1 (]: Sending event: {'category': 'dbt', 'action': 'run_model', 'label': '85d82963-973e-4da1-9aaf-98f69be5a24d', 'context': [<snowplow_tracker.self_describing_json.SelfDescribingJson object at 0x77c297f81220>]}
[0m15:40:58.918385 [info ] [Thread-1 (]: 2 of 2 OK created sql table model main.gold_weather_hourly ..................... [[32mOK[0m in 0.06s]
[0m15:40:58.919053 [debug] [Thread-1 (]: Finished running node model.ai_data_engineer.gold_weather_hourly
[0m15:40:58.921234 [debug] [MainThread]: Using duckdb connection "master"
[0m15:40:58.922038 [debug] [MainThread]: On master: BEGIN
[0m15:40:58.922718 [debug] [MainThread]: Opening a new connection, currently in state closed
[0m15:40:58.924046 [debug] [MainThread]: SQL status: OK in 0.001 seconds
[0m15:40:58.924550 [debug] [MainThread]: On master: COMMIT
[0m15:40:58.924985 [debug] [MainThread]: Using duckdb connection "master"
[0m15:40:58.925306 [debug] [MainThread]: On master: COMMIT
[0m15:40:58.926051 [debug] [MainThread]: SQL status: OK in 0.000 seconds
[0m15:40:58.926503 [debug] [MainThread]: On master: Close
[0m15:40:58.927119 [debug] [MainThread]: Connection 'master' was properly closed.
[0m15:40:58.927508 [debug] [MainThread]: Connection 'model.ai_data_engineer.gold_weather_hourly' was properly closed.
[0m15:40:58.928015 [info ] [MainThread]: 
[0m15:40:58.928451 [info ] [MainThread]: Finished running 2 table models in 0 hours 0 minutes and 0.48 seconds (0.48s).
[0m15:40:58.929495 [debug] [MainThread]: Command end result
[0m15:40:58.975178 [debug] [MainThread]: Wrote artifact WritableManifest to /home/hatch/workspace/ai-data-engineer/target/manifest.json
[0m15:40:58.979147 [debug] [MainThread]: Wrote artifact SemanticManifest to /home/hatch/workspace/ai-data-engineer/target/semantic_manifest.json
[0m15:40:58.982660 [debug] [MainThread]: Wrote artifact OsiDocument to /home/hatch/workspace/ai-data-engineer/target/osi_document.json
[0m15:40:58.992580 [debug] [MainThread]: Wrote artifact RunExecutionResult to /home/hatch/workspace/ai-data-engineer/target/run_results.json
[0m15:40:58.993169 [info ] [MainThread]: 
[0m15:40:58.993671 [info ] [MainThread]: [32mCompleted successfully[0m
[0m15:40:58.994091 [info ] [MainThread]: 
[0m15:40:58.994491 [info ] [MainThread]: Done. PASS=2 WARN=0 ERROR=0 SKIP=0 NO-OP=0 REUSED=0 TOTAL=2
[0m15:40:58.995844 [debug] [MainThread]: Resource report: {"command_name": "build", "command_success": true, "command_wall_clock_time": 1.5112258, "process_in_blocks": "0", "process_kernel_time": 0.225473, "process_mem_max_rss": "173000", "process_out_blocks": "2992", "process_user_time": 3.210905}
[0m15:40:58.997177 [debug] [MainThread]: Command `dbt build` succeeded at 15:40:58.997036 after 1.51 seconds
[0m15:40:58.997668 [debug] [MainThread]: Sending event: {'category': 'dbt', 'action': 'invocation', 'label': 'end', 'context': [<snowplow_tracker.self_describing_json.SelfDescribingJson object at 0x77c2a250d370>, <snowplow_tracker.self_describing_json.SelfDescribingJson object at 0x77c29d38a090>, <snowplow_tracker.self_describing_json.SelfDescribingJson object at 0x77c2a22f8200>]}
[0m15:40:58.998224 [debug] [MainThread]: Flushing usage events
[0m15:40:59.450307 [debug] [MainThread]: An error was encountered while trying to flush usage events
[0m15:41:02.371841 [debug] [MainThread]: Sending event: {'category': 'dbt', 'action': 'invocation', 'label': 'start', 'context': [<snowplow_tracker.self_describing_json.SelfDescribingJson object at 0x7d4af10df8c0>, <snowplow_tracker.self_describing_json.SelfDescribingJson object at 0x7d4af1b1f7a0>, <snowplow_tracker.self_describing_json.SelfDescribingJson object at 0x7d4af10dfec0>]}


============================== 15:41:02.377711 | 4a0fd7bb-6c8a-417a-9625-477c3d024040 ==============================
[0m15:41:02.377711 [info ] [MainThread]: Running with dbt=1.12.5
[0m15:41:02.378563 [debug] [MainThread]: running dbt with arguments {'maximum_seed_size_mib': '1', 'static_parser': 'True', 'profiles_dir': '/home/hatch/workspace/ai-data-engineer', 'write_json': 'True', 'introspect': 'True', 'log_cache_events': 'False', 'send_anonymous_usage_stats': 'True', 'no_print': 'None', 'warn_error_options': 'WarnErrorOptionsV2(error=[], warn=[], silence=[])', 'version_check': 'True', 'printer_width': '80', 'cache_selected_only': 'False', 'log_path': '/home/hatch/workspace/ai-data-engineer/logs', 'quiet': 'False', 'use_experimental_parser': 'False', 'invocation_command': 'dbt build --select tag:silver --target drill --project-dir /home/hatch/workspace/ai-data-engineer --profiles-dir /home/hatch/workspace/ai-data-engineer', 'log_format': 'default', 'debug': 'False', 'empty': 'False', 'indirect_selection': 'eager', 'warn_error': 'None', 'use_colors': 'True', 'hints_enabled': 'True', 'fail_fast': 'False', 'partial_parse': 'True', 'target_path': 'None'}
[0m15:41:02.674673 [debug] [MainThread]: Sending event: {'category': 'dbt', 'action': 'project_id', 'label': '4a0fd7bb-6c8a-417a-9625-477c3d024040', 'context': [<snowplow_tracker.self_describing_json.SelfDescribingJson object at 0x7d4af21029c0>]}
[0m15:41:02.762480 [debug] [MainThread]: Sending event: {'category': 'dbt', 'action': 'adapter_info', 'label': '4a0fd7bb-6c8a-417a-9625-477c3d024040', 'context': [<snowplow_tracker.self_describing_json.SelfDescribingJson object at 0x7d4af0e1f170>]}
[0m15:41:02.765297 [info ] [MainThread]: Registered adapter: duckdb=1.11.0
[0m15:41:02.856785 [debug] [MainThread]: checksum: f5ce5c9b3e6f8e4ecbb0caade93c4c417ca66554fa65fd8c862f3cabfefcfc05, vars: {}, profile: ai_data_engineer, target: drill, version: 1.12.5
[0m15:41:02.985556 [info ] [MainThread]: Unable to do partial parsing because profile has changed
[0m15:41:02.986356 [debug] [MainThread]: Sending event: {'category': 'dbt', 'action': 'partial_parser', 'label': '4a0fd7bb-6c8a-417a-9625-477c3d024040', 'context': [<snowplow_tracker.self_describing_json.SelfDescribingJson object at 0x7d4aebcca960>]}
[0m15:41:04.578494 [debug] [MainThread]: Sending event: {'category': 'dbt', 'action': 'load_project', 'label': '4a0fd7bb-6c8a-417a-9625-477c3d024040', 'context': [<snowplow_tracker.self_describing_json.SelfDescribingJson object at 0x7d4af0c863c0>]}
[0m15:41:04.695534 [debug] [MainThread]: Wrote artifact WritableManifest to /home/hatch/workspace/ai-data-engineer/target/manifest.json
[0m15:41:04.699204 [debug] [MainThread]: Wrote artifact SemanticManifest to /home/hatch/workspace/ai-data-engineer/target/semantic_manifest.json
[0m15:41:04.715473 [debug] [MainThread]: Wrote artifact OsiDocument to /home/hatch/workspace/ai-data-engineer/target/osi_document.json
[0m15:41:04.741301 [debug] [MainThread]: Sending event: {'category': 'dbt', 'action': 'resource_counts', 'label': '4a0fd7bb-6c8a-417a-9625-477c3d024040', 'context': [<snowplow_tracker.self_describing_json.SelfDescribingJson object at 0x7d4aeb11c770>]}
[0m15:41:04.742045 [info ] [MainThread]: Found 4 models, 2 sources, 500 macros
[0m15:41:04.744497 [info ] [MainThread]: 
[0m15:41:04.745055 [info ] [MainThread]: Concurrency: 1 threads (target='drill')
[0m15:41:04.745445 [info ] [MainThread]: 
[0m15:41:04.746094 [debug] [MainThread]: Acquiring new duckdb connection 'master'
[0m15:41:04.752676 [debug] [ThreadPool]: Acquiring new duckdb connection 'list_drill_drift'
[0m15:41:04.793770 [debug] [ThreadPool]: Using duckdb connection "list_drill_drift"
[0m15:41:04.794426 [debug] [ThreadPool]: On list_drill_drift: /* {"app": "dbt", "dbt_version": "1.12.5", "profile_name": "ai_data_engineer", "target_name": "drill", "connection_name": "list_drill_drift"} */

    
    select schema_name
    from system.information_schema.schemata
    
    where lower(catalog_name) = '"drill_drift"'
    
  
  
[0m15:41:04.794855 [debug] [ThreadPool]: Opening a new connection, currently in state init
[0m15:41:04.812823 [debug] [ThreadPool]: SQL status: OK in 0.018 seconds
[0m15:41:04.814583 [debug] [ThreadPool]: On list_drill_drift: Close
[0m15:41:04.815708 [debug] [ThreadPool]: Re-using an available connection from the pool (formerly list_drill_drift, now create_drill_drift_main)
[0m15:41:04.816434 [debug] [ThreadPool]: Creating schema "database: "drill_drift"
schema: "main"
"
[0m15:41:04.826276 [debug] [ThreadPool]: Using duckdb connection "create_drill_drift_main"
[0m15:41:04.826819 [debug] [ThreadPool]: On create_drill_drift_main: /* {"app": "dbt", "dbt_version": "1.12.5", "profile_name": "ai_data_engineer", "target_name": "drill", "connection_name": "create_drill_drift_main"} */

    
        select type from duckdb_databases()
        where lower(database_name)='drill_drift'
        and type != 'duckdb'
    
  
[0m15:41:04.827178 [debug] [ThreadPool]: Opening a new connection, currently in state closed
[0m15:41:04.828601 [debug] [ThreadPool]: SQL status: OK in 0.001 seconds
[0m15:41:04.830362 [debug] [ThreadPool]: Using duckdb connection "create_drill_drift_main"
[0m15:41:04.830809 [debug] [ThreadPool]: On create_drill_drift_main: BEGIN
[0m15:41:04.831471 [debug] [ThreadPool]: SQL status: OK in 0.000 seconds
[0m15:41:04.831878 [debug] [ThreadPool]: Using duckdb connection "create_drill_drift_main"
[0m15:41:04.832193 [debug] [ThreadPool]: On create_drill_drift_main: /* {"app": "dbt", "dbt_version": "1.12.5", "profile_name": "ai_data_engineer", "target_name": "drill", "connection_name": "create_drill_drift_main"} */

    
    
        create schema if not exists "drill_drift"."main"
    
[0m15:41:04.833062 [debug] [ThreadPool]: SQL status: OK in 0.000 seconds
[0m15:41:04.834161 [debug] [ThreadPool]: On create_drill_drift_main: COMMIT
[0m15:41:04.834561 [debug] [ThreadPool]: Using duckdb connection "create_drill_drift_main"
[0m15:41:04.834875 [debug] [ThreadPool]: On create_drill_drift_main: COMMIT
[0m15:41:04.835464 [debug] [ThreadPool]: SQL status: OK in 0.000 seconds
[0m15:41:04.835866 [debug] [ThreadPool]: On create_drill_drift_main: Close
[0m15:41:04.851899 [debug] [ThreadPool]: Re-using an available connection from the pool (formerly create_drill_drift_main, now list_drill_drift_main)
[0m15:41:04.858800 [debug] [ThreadPool]: Using duckdb connection "list_drill_drift_main"
[0m15:41:04.859334 [debug] [ThreadPool]: On list_drill_drift_main: BEGIN
[0m15:41:04.859700 [debug] [ThreadPool]: Opening a new connection, currently in state closed
[0m15:41:04.860693 [debug] [ThreadPool]: SQL status: OK in 0.001 seconds
[0m15:41:04.861135 [debug] [ThreadPool]: Using duckdb connection "list_drill_drift_main"
[0m15:41:04.861490 [debug] [ThreadPool]: On list_drill_drift_main: /* {"app": "dbt", "dbt_version": "1.12.5", "profile_name": "ai_data_engineer", "target_name": "drill", "connection_name": "list_drill_drift_main"} */
select
      'drill_drift' as database,
      table_name as name,
      table_schema as schema,
      CASE table_type
        WHEN 'BASE TABLE' THEN 'table'
        WHEN 'VIEW' THEN 'view'
        WHEN 'LOCAL TEMPORARY' THEN 'table'
        END as type
    from system.information_schema.tables
    where lower(table_schema) = 'main'
    and lower(table_catalog) = 'drill_drift'
  
[0m15:41:04.865852 [debug] [ThreadPool]: SQL status: OK in 0.004 seconds
[0m15:41:04.867630 [debug] [ThreadPool]: On list_drill_drift_main: ROLLBACK
[0m15:41:04.868403 [debug] [ThreadPool]: On list_drill_drift_main: Close
[0m15:41:04.869964 [debug] [MainThread]: Sending event: {'category': 'dbt', 'action': 'runnable_timing', 'label': '4a0fd7bb-6c8a-417a-9625-477c3d024040', 'context': [<snowplow_tracker.self_describing_json.SelfDescribingJson object at 0x7d4aeb7cd820>]}
[0m15:41:04.870682 [debug] [MainThread]: Using duckdb connection "master"
[0m15:41:04.871159 [debug] [MainThread]: On master: BEGIN
[0m15:41:04.871528 [debug] [MainThread]: Opening a new connection, currently in state init
[0m15:41:04.872302 [debug] [MainThread]: SQL status: OK in 0.001 seconds
[0m15:41:04.872766 [debug] [MainThread]: On master: COMMIT
[0m15:41:04.873099 [debug] [MainThread]: Using duckdb connection "master"
[0m15:41:04.873417 [debug] [MainThread]: On master: COMMIT
[0m15:41:04.873957 [debug] [MainThread]: SQL status: OK in 0.000 seconds
[0m15:41:04.874352 [debug] [MainThread]: On master: Close
[0m15:41:04.877594 [debug] [Thread-1 (]: Began running node model.ai_data_engineer.silver_crypto
[0m15:41:04.878458 [info ] [Thread-1 (]: 1 of 2 START sql table model main.silver_crypto ................................ [RUN]
[0m15:41:04.879091 [debug] [Thread-1 (]: Re-using an available connection from the pool (formerly list_drill_drift_main, now model.ai_data_engineer.silver_crypto)
[0m15:41:04.879619 [debug] [Thread-1 (]: Began compiling node model.ai_data_engineer.silver_crypto
[0m15:41:04.887799 [debug] [Thread-1 (]: Writing injected SQL for node "model.ai_data_engineer.silver_crypto"
[0m15:41:04.888597 [debug] [Thread-1 (]: Began executing node model.ai_data_engineer.silver_crypto
[0m15:41:04.923110 [debug] [Thread-1 (]: Using duckdb connection "model.ai_data_engineer.silver_crypto"
[0m15:41:04.923692 [debug] [Thread-1 (]: On model.ai_data_engineer.silver_crypto: BEGIN
[0m15:41:04.924117 [debug] [Thread-1 (]: Opening a new connection, currently in state closed
[0m15:41:04.924996 [debug] [Thread-1 (]: SQL status: OK in 0.001 seconds
[0m15:41:04.925485 [debug] [Thread-1 (]: Using duckdb connection "model.ai_data_engineer.silver_crypto"
[0m15:41:04.925865 [debug] [Thread-1 (]: On model.ai_data_engineer.silver_crypto: /* {"app": "dbt", "dbt_version": "1.12.5", "profile_name": "ai_data_engineer", "target_name": "drill", "node_id": "model.ai_data_engineer.silver_crypto"} */

        ALTER TABLE bronze_crypto ADD COLUMN IF NOT EXISTS volume_24h DOUBLE
      
[0m15:41:04.926806 [debug] [Thread-1 (]: SQL status: OK in 0.001 seconds
[0m15:41:04.957305 [debug] [Thread-1 (]: Writing runtime sql for node "model.ai_data_engineer.silver_crypto"
[0m15:41:04.958245 [debug] [Thread-1 (]: Using duckdb connection "model.ai_data_engineer.silver_crypto"
[0m15:41:04.958829 [debug] [Thread-1 (]: On model.ai_data_engineer.silver_crypto: /* {"app": "dbt", "dbt_version": "1.12.5", "profile_name": "ai_data_engineer", "target_name": "drill", "node_id": "model.ai_data_engineer.silver_crypto"} */

    

    create  table
      "drill_drift"."main"."silver_crypto__dbt_tmp"
  
    
    as (
      
-- silver_crypto (v1)
-- Staging: dedupe on natural key (coin_id, snapshot_ts), cast types,
-- standardize timestamps to UTC, add surrogate key.
-- Full refresh, idempotent: re-running on the same bronze yields identical silver.
--
-- SCHEMA DRIFT CONTRACT (pre-hook above): the CoinGecko feed once renamed
-- total_volume -> volume_24h mid-day. The loader preserves both raw columns;
-- staging coalesces them so downstream never breaks.
WITH ranked AS (
    SELECT
        coin_id,
        symbol,
        name,
        TRY_CAST(current_price AS DOUBLE)              AS current_price,
        TRY_CAST(market_cap AS DOUBLE)                 AS market_cap,
        -- drift-tolerant: prefer the canonical field, fall back to the alias
        COALESCE(TRY_CAST(total_volume AS DOUBLE),
                 TRY_CAST(volume_24h AS DOUBLE))       AS total_volume,
        TRY_CAST(price_change_percentage_24h AS DOUBLE) AS price_change_percentage_24h,
        -- CoinGecko last_updated is ISO-8601 with offset; normalize to UTC.
        CAST(last_updated AS TIMESTAMPTZ) AT TIME ZONE 'UTC' AS snapshot_ts,
        vs_currency,
        _run_id,
        CAST(_ingested_at AS TIMESTAMPTZ) AT TIME ZONE 'UTC' AS ingested_at,
        ROW_NUMBER() OVER (
            PARTITION BY coin_id, CAST(last_updated AS TIMESTAMPTZ) AT TIME ZONE 'UTC'
            ORDER BY CAST(_ingested_at AS TIMESTAMPTZ) DESC
        ) AS rn
    FROM "drill_drift"."main"."bronze_crypto"
)
SELECT
    md5(coin_id || '|' || CAST(snapshot_ts AS VARCHAR)) AS crypto_snapshot_sk,
    coin_id,
    symbol,
    name,
    current_price,
    market_cap,
    total_volume,
    price_change_percentage_24h,
    snapshot_ts,
    vs_currency,
    _run_id,
    ingested_at
FROM ranked
WHERE rn = 1
    );
    
  
[0m15:41:04.966521 [debug] [Thread-1 (]: SQL status: OK in 0.007 seconds
[0m15:41:04.973440 [debug] [Thread-1 (]: Using duckdb connection "model.ai_data_engineer.silver_crypto"
[0m15:41:04.973998 [debug] [Thread-1 (]: On model.ai_data_engineer.silver_crypto: /* {"app": "dbt", "dbt_version": "1.12.5", "profile_name": "ai_data_engineer", "target_name": "drill", "node_id": "model.ai_data_engineer.silver_crypto"} */
alter table "drill_drift"."main"."silver_crypto__dbt_tmp" rename to "silver_crypto"
[0m15:41:04.974972 [debug] [Thread-1 (]: SQL status: OK in 0.001 seconds
[0m15:41:04.994717 [debug] [Thread-1 (]: On model.ai_data_engineer.silver_crypto: COMMIT
[0m15:41:04.995328 [debug] [Thread-1 (]: Using duckdb connection "model.ai_data_engineer.silver_crypto"
[0m15:41:04.995755 [debug] [Thread-1 (]: On model.ai_data_engineer.silver_crypto: COMMIT
[0m15:41:05.020163 [debug] [Thread-1 (]: SQL status: OK in 0.024 seconds
[0m15:41:05.026422 [debug] [Thread-1 (]: Using duckdb connection "model.ai_data_engineer.silver_crypto"
[0m15:41:05.026981 [debug] [Thread-1 (]: On model.ai_data_engineer.silver_crypto: /* {"app": "dbt", "dbt_version": "1.12.5", "profile_name": "ai_data_engineer", "target_name": "drill", "node_id": "model.ai_data_engineer.silver_crypto"} */

      drop table if exists "drill_drift"."main"."silver_crypto__dbt_backup" cascade
    
[0m15:41:05.027948 [debug] [Thread-1 (]: SQL status: OK in 0.001 seconds
[0m15:41:05.031172 [debug] [Thread-1 (]: On model.ai_data_engineer.silver_crypto: Close
[0m15:41:05.033528 [debug] [Thread-1 (]: Sending event: {'category': 'dbt', 'action': 'run_model', 'label': '4a0fd7bb-6c8a-417a-9625-477c3d024040', 'context': [<snowplow_tracker.self_describing_json.SelfDescribingJson object at 0x7d4aebb6c9b0>]}
[0m15:41:05.034457 [info ] [Thread-1 (]: 1 of 2 OK created sql table model main.silver_crypto ........................... [[32mOK[0m in 0.15s]
[0m15:41:05.035195 [debug] [Thread-1 (]: Finished running node model.ai_data_engineer.silver_crypto
[0m15:41:05.035719 [debug] [Thread-1 (]: Began running node model.ai_data_engineer.silver_weather
[0m15:41:05.036503 [info ] [Thread-1 (]: 2 of 2 START sql table model main.silver_weather ............................... [RUN]
[0m15:41:05.037094 [debug] [Thread-1 (]: Re-using an available connection from the pool (formerly model.ai_data_engineer.silver_crypto, now model.ai_data_engineer.silver_weather)
[0m15:41:05.037531 [debug] [Thread-1 (]: Began compiling node model.ai_data_engineer.silver_weather
[0m15:41:05.040710 [debug] [Thread-1 (]: Writing injected SQL for node "model.ai_data_engineer.silver_weather"
[0m15:41:05.041487 [debug] [Thread-1 (]: Began executing node model.ai_data_engineer.silver_weather
[0m15:41:05.044937 [debug] [Thread-1 (]: Writing runtime sql for node "model.ai_data_engineer.silver_weather"
[0m15:41:05.045679 [debug] [Thread-1 (]: Using duckdb connection "model.ai_data_engineer.silver_weather"
[0m15:41:05.046121 [debug] [Thread-1 (]: On model.ai_data_engineer.silver_weather: BEGIN
[0m15:41:05.046497 [debug] [Thread-1 (]: Opening a new connection, currently in state closed
[0m15:41:05.047280 [debug] [Thread-1 (]: SQL status: OK in 0.001 seconds
[0m15:41:05.047753 [debug] [Thread-1 (]: Using duckdb connection "model.ai_data_engineer.silver_weather"
[0m15:41:05.048139 [debug] [Thread-1 (]: On model.ai_data_engineer.silver_weather: /* {"app": "dbt", "dbt_version": "1.12.5", "profile_name": "ai_data_engineer", "target_name": "drill", "node_id": "model.ai_data_engineer.silver_weather"} */

    

    create  table
      "drill_drift"."main"."silver_weather__dbt_tmp"
  
    
    as (
      
-- silver_weather (v1)
-- Staging: dedupe on natural key (city, hour_ts), cast types,
-- add surrogate key. Open-Meteo already returns UTC hourly grain.
-- Full refresh, idempotent.
WITH ranked AS (
    SELECT
        city,
        TRY_CAST(latitude AS DOUBLE)  AS latitude,
        TRY_CAST(longitude AS DOUBLE) AS longitude,
        CAST(hour_ts AS TIMESTAMP)    AS hour_ts,   -- already UTC ISO
        TRY_CAST(temperature_2m AS DOUBLE) AS temperature_2m,
        _run_id,
        CAST(_ingested_at AS TIMESTAMPTZ) AT TIME ZONE 'UTC' AS ingested_at,
        ROW_NUMBER() OVER (
            PARTITION BY city, CAST(hour_ts AS TIMESTAMP)
            ORDER BY CAST(_ingested_at AS TIMESTAMPTZ) DESC
        ) AS rn
    FROM "drill_drift"."main"."bronze_weather"
)
SELECT
    md5(city || '|' || CAST(hour_ts AS VARCHAR)) AS weather_hour_sk,
    city,
    latitude,
    longitude,
    hour_ts,
    temperature_2m,
    _run_id,
    ingested_at
FROM ranked
WHERE rn = 1
    );
    
  
[0m15:41:05.056184 [debug] [Thread-1 (]: SQL status: OK in 0.007 seconds
[0m15:41:05.059421 [debug] [Thread-1 (]: Using duckdb connection "model.ai_data_engineer.silver_weather"
[0m15:41:05.059922 [debug] [Thread-1 (]: On model.ai_data_engineer.silver_weather: /* {"app": "dbt", "dbt_version": "1.12.5", "profile_name": "ai_data_engineer", "target_name": "drill", "node_id": "model.ai_data_engineer.silver_weather"} */
alter table "drill_drift"."main"."silver_weather__dbt_tmp" rename to "silver_weather"
[0m15:41:05.060952 [debug] [Thread-1 (]: SQL status: OK in 0.001 seconds
[0m15:41:05.063045 [debug] [Thread-1 (]: On model.ai_data_engineer.silver_weather: COMMIT
[0m15:41:05.063504 [debug] [Thread-1 (]: Using duckdb connection "model.ai_data_engineer.silver_weather"
[0m15:41:05.063876 [debug] [Thread-1 (]: On model.ai_data_engineer.silver_weather: COMMIT
[0m15:41:05.085535 [debug] [Thread-1 (]: SQL status: OK in 0.021 seconds
[0m15:41:05.088510 [debug] [Thread-1 (]: Using duckdb connection "model.ai_data_engineer.silver_weather"
[0m15:41:05.089130 [debug] [Thread-1 (]: On model.ai_data_engineer.silver_weather: /* {"app": "dbt", "dbt_version": "1.12.5", "profile_name": "ai_data_engineer", "target_name": "drill", "node_id": "model.ai_data_engineer.silver_weather"} */

      drop table if exists "drill_drift"."main"."silver_weather__dbt_backup" cascade
    
[0m15:41:05.090046 [debug] [Thread-1 (]: SQL status: OK in 0.000 seconds
[0m15:41:05.091757 [debug] [Thread-1 (]: On model.ai_data_engineer.silver_weather: Close
[0m15:41:05.092545 [debug] [Thread-1 (]: Sending event: {'category': 'dbt', 'action': 'run_model', 'label': '4a0fd7bb-6c8a-417a-9625-477c3d024040', 'context': [<snowplow_tracker.self_describing_json.SelfDescribingJson object at 0x7d4aea58f320>]}
[0m15:41:05.093360 [info ] [Thread-1 (]: 2 of 2 OK created sql table model main.silver_weather .......................... [[32mOK[0m in 0.06s]
[0m15:41:05.094040 [debug] [Thread-1 (]: Finished running node model.ai_data_engineer.silver_weather
[0m15:41:05.095891 [debug] [MainThread]: Using duckdb connection "master"
[0m15:41:05.096403 [debug] [MainThread]: On master: BEGIN
[0m15:41:05.096761 [debug] [MainThread]: Opening a new connection, currently in state closed
[0m15:41:05.097533 [debug] [MainThread]: SQL status: OK in 0.001 seconds
[0m15:41:05.097969 [debug] [MainThread]: On master: COMMIT
[0m15:41:05.098305 [debug] [MainThread]: Using duckdb connection "master"
[0m15:41:05.098633 [debug] [MainThread]: On master: COMMIT
[0m15:41:05.099204 [debug] [MainThread]: SQL status: OK in 0.000 seconds
[0m15:41:05.099648 [debug] [MainThread]: On master: Close
[0m15:41:05.100143 [debug] [MainThread]: Connection 'master' was properly closed.
[0m15:41:05.100482 [debug] [MainThread]: Connection 'model.ai_data_engineer.silver_weather' was properly closed.
[0m15:41:05.100890 [info ] [MainThread]: 
[0m15:41:05.101343 [info ] [MainThread]: Finished running 2 table models in 0 hours 0 minutes and 0.35 seconds (0.35s).
[0m15:41:05.102245 [debug] [MainThread]: Command end result
[0m15:41:05.143928 [debug] [MainThread]: Wrote artifact WritableManifest to /home/hatch/workspace/ai-data-engineer/target/manifest.json
[0m15:41:05.147643 [debug] [MainThread]: Wrote artifact SemanticManifest to /home/hatch/workspace/ai-data-engineer/target/semantic_manifest.json
[0m15:41:05.150993 [debug] [MainThread]: Wrote artifact OsiDocument to /home/hatch/workspace/ai-data-engineer/target/osi_document.json
[0m15:41:05.159999 [debug] [MainThread]: Wrote artifact RunExecutionResult to /home/hatch/workspace/ai-data-engineer/target/run_results.json
[0m15:41:05.160575 [info ] [MainThread]: 
[0m15:41:05.161200 [info ] [MainThread]: [32mCompleted successfully[0m
[0m15:41:05.161592 [info ] [MainThread]: 
[0m15:41:05.161983 [info ] [MainThread]: Done. PASS=2 WARN=0 ERROR=0 SKIP=0 NO-OP=0 REUSED=0 TOTAL=2
[0m15:41:05.163245 [debug] [MainThread]: Resource report: {"command_name": "build", "command_success": true, "command_wall_clock_time": 2.8915997, "process_in_blocks": "0", "process_kernel_time": 0.268221, "process_mem_max_rss": "175116", "process_out_blocks": "4400", "process_user_time": 4.509268}
[0m15:41:05.163928 [debug] [MainThread]: Command `dbt build` succeeded at 15:41:05.163812 after 2.89 seconds
[0m15:41:05.164400 [debug] [MainThread]: Sending event: {'category': 'dbt', 'action': 'invocation', 'label': 'end', 'context': [<snowplow_tracker.self_describing_json.SelfDescribingJson object at 0x7d4af112f7a0>, <snowplow_tracker.self_describing_json.SelfDescribingJson object at 0x7d4af2980e00>, <snowplow_tracker.self_describing_json.SelfDescribingJson object at 0x7d4af0f18b00>]}
[0m15:41:05.164865 [debug] [MainThread]: Flushing usage events
[0m15:41:05.556804 [debug] [MainThread]: An error was encountered while trying to flush usage events
[0m15:41:08.193176 [debug] [MainThread]: Sending event: {'category': 'dbt', 'action': 'invocation', 'label': 'start', 'context': [<snowplow_tracker.self_describing_json.SelfDescribingJson object at 0x708dc51827b0>, <snowplow_tracker.self_describing_json.SelfDescribingJson object at 0x708dc1a38b90>, <snowplow_tracker.self_describing_json.SelfDescribingJson object at 0x708dc1aa3890>]}


============================== 15:41:08.199653 | efc79e37-4e2b-4a7e-b4bb-4d138fab018a ==============================
[0m15:41:08.199653 [info ] [MainThread]: Running with dbt=1.12.5
[0m15:41:08.200671 [debug] [MainThread]: running dbt with arguments {'printer_width': '80', 'log_cache_events': 'False', 'warn_error_options': 'WarnErrorOptionsV2(error=[], warn=[], silence=[])', 'debug': 'False', 'static_parser': 'True', 'warn_error': 'None', 'invocation_command': 'dbt build --select tag:gold --target drill --project-dir /home/hatch/workspace/ai-data-engineer --profiles-dir /home/hatch/workspace/ai-data-engineer', 'version_check': 'True', 'hints_enabled': 'True', 'empty': 'False', 'indirect_selection': 'eager', 'maximum_seed_size_mib': '1', 'send_anonymous_usage_stats': 'True', 'profiles_dir': '/home/hatch/workspace/ai-data-engineer', 'log_path': '/home/hatch/workspace/ai-data-engineer/logs', 'quiet': 'False', 'use_experimental_parser': 'False', 'write_json': 'True', 'use_colors': 'True', 'fail_fast': 'False', 'partial_parse': 'True', 'no_print': 'None', 'target_path': 'None', 'log_format': 'default', 'introspect': 'True', 'cache_selected_only': 'False'}
[0m15:41:08.506274 [debug] [MainThread]: Sending event: {'category': 'dbt', 'action': 'project_id', 'label': 'efc79e37-4e2b-4a7e-b4bb-4d138fab018a', 'context': [<snowplow_tracker.self_describing_json.SelfDescribingJson object at 0x708dc0d1ba70>]}
[0m15:41:08.597961 [debug] [MainThread]: Sending event: {'category': 'dbt', 'action': 'adapter_info', 'label': 'efc79e37-4e2b-4a7e-b4bb-4d138fab018a', 'context': [<snowplow_tracker.self_describing_json.SelfDescribingJson object at 0x708dc1aa1640>]}
[0m15:41:08.600780 [info ] [MainThread]: Registered adapter: duckdb=1.11.0
[0m15:41:08.697279 [debug] [MainThread]: checksum: f5ce5c9b3e6f8e4ecbb0caade93c4c417ca66554fa65fd8c862f3cabfefcfc05, vars: {}, profile: ai_data_engineer, target: drill, version: 1.12.5
[0m15:41:08.837475 [debug] [MainThread]: Partial parsing enabled: 0 files deleted, 0 files added, 0 files changed.
[0m15:41:08.838212 [debug] [MainThread]: Nothing changed, skipping partial parsing.
[0m15:41:08.838629 [debug] [MainThread]: Partial parsing enabled, no changes found, skipping parsing
[0m15:41:08.852685 [debug] [MainThread]: Sending event: {'category': 'dbt', 'action': 'load_project', 'label': 'efc79e37-4e2b-4a7e-b4bb-4d138fab018a', 'context': [<snowplow_tracker.self_describing_json.SelfDescribingJson object at 0x708dbbfe2c30>]}
[0m15:41:09.010150 [debug] [MainThread]: Wrote artifact WritableManifest to /home/hatch/workspace/ai-data-engineer/target/manifest.json
[0m15:41:09.014167 [debug] [MainThread]: Wrote artifact SemanticManifest to /home/hatch/workspace/ai-data-engineer/target/semantic_manifest.json
[0m15:41:09.031014 [debug] [MainThread]: Wrote artifact OsiDocument to /home/hatch/workspace/ai-data-engineer/target/osi_document.json
[0m15:41:09.056838 [debug] [MainThread]: Sending event: {'category': 'dbt', 'action': 'resource_counts', 'label': 'efc79e37-4e2b-4a7e-b4bb-4d138fab018a', 'context': [<snowplow_tracker.self_describing_json.SelfDescribingJson object at 0x708dbbd281a0>]}
[0m15:41:09.057565 [info ] [MainThread]: Found 4 models, 2 sources, 500 macros
[0m15:41:09.060065 [info ] [MainThread]: 
[0m15:41:09.060624 [info ] [MainThread]: Concurrency: 1 threads (target='drill')
[0m15:41:09.061044 [info ] [MainThread]: 
[0m15:41:09.061751 [debug] [MainThread]: Acquiring new duckdb connection 'master'
[0m15:41:09.068790 [debug] [ThreadPool]: Acquiring new duckdb connection 'list_drill_drift'
[0m15:41:09.211835 [debug] [ThreadPool]: Using duckdb connection "list_drill_drift"
[0m15:41:09.212530 [debug] [ThreadPool]: On list_drill_drift: /* {"app": "dbt", "dbt_version": "1.12.5", "profile_name": "ai_data_engineer", "target_name": "drill", "connection_name": "list_drill_drift"} */

    
    select schema_name
    from system.information_schema.schemata
    
    where lower(catalog_name) = '"drill_drift"'
    
  
  
[0m15:41:09.213982 [debug] [ThreadPool]: Opening a new connection, currently in state init
[0m15:41:09.233928 [debug] [ThreadPool]: SQL status: OK in 0.020 seconds
[0m15:41:09.235982 [debug] [ThreadPool]: On list_drill_drift: Close
[0m15:41:09.237684 [debug] [ThreadPool]: Re-using an available connection from the pool (formerly list_drill_drift, now create_drill_drift_main)
[0m15:41:09.238809 [debug] [ThreadPool]: Creating schema "database: "drill_drift"
schema: "main"
"
[0m15:41:09.250054 [debug] [ThreadPool]: Using duckdb connection "create_drill_drift_main"
[0m15:41:09.250645 [debug] [ThreadPool]: On create_drill_drift_main: /* {"app": "dbt", "dbt_version": "1.12.5", "profile_name": "ai_data_engineer", "target_name": "drill", "connection_name": "create_drill_drift_main"} */

    
        select type from duckdb_databases()
        where lower(database_name)='drill_drift'
        and type != 'duckdb'
    
  
[0m15:41:09.251078 [debug] [ThreadPool]: Opening a new connection, currently in state closed
[0m15:41:09.253234 [debug] [ThreadPool]: SQL status: OK in 0.002 seconds
[0m15:41:09.255160 [debug] [ThreadPool]: Using duckdb connection "create_drill_drift_main"
[0m15:41:09.255635 [debug] [ThreadPool]: On create_drill_drift_main: BEGIN
[0m15:41:09.256416 [debug] [ThreadPool]: SQL status: OK in 0.000 seconds
[0m15:41:09.256880 [debug] [ThreadPool]: Using duckdb connection "create_drill_drift_main"
[0m15:41:09.257218 [debug] [ThreadPool]: On create_drill_drift_main: /* {"app": "dbt", "dbt_version": "1.12.5", "profile_name": "ai_data_engineer", "target_name": "drill", "connection_name": "create_drill_drift_main"} */

    
    
        create schema if not exists "drill_drift"."main"
    
[0m15:41:09.258092 [debug] [ThreadPool]: SQL status: OK in 0.000 seconds
[0m15:41:09.259263 [debug] [ThreadPool]: On create_drill_drift_main: COMMIT
[0m15:41:09.259736 [debug] [ThreadPool]: Using duckdb connection "create_drill_drift_main"
[0m15:41:09.260090 [debug] [ThreadPool]: On create_drill_drift_main: COMMIT
[0m15:41:09.260823 [debug] [ThreadPool]: SQL status: OK in 0.000 seconds
[0m15:41:09.261246 [debug] [ThreadPool]: On create_drill_drift_main: Close
[0m15:41:09.263391 [debug] [ThreadPool]: Re-using an available connection from the pool (formerly create_drill_drift_main, now list_drill_drift_main)
[0m15:41:09.270247 [debug] [ThreadPool]: Using duckdb connection "list_drill_drift_main"
[0m15:41:09.270808 [debug] [ThreadPool]: On list_drill_drift_main: BEGIN
[0m15:41:09.271144 [debug] [ThreadPool]: Opening a new connection, currently in state closed
[0m15:41:09.272064 [debug] [ThreadPool]: SQL status: OK in 0.001 seconds
[0m15:41:09.272521 [debug] [ThreadPool]: Using duckdb connection "list_drill_drift_main"
[0m15:41:09.272900 [debug] [ThreadPool]: On list_drill_drift_main: /* {"app": "dbt", "dbt_version": "1.12.5", "profile_name": "ai_data_engineer", "target_name": "drill", "connection_name": "list_drill_drift_main"} */
select
      'drill_drift' as database,
      table_name as name,
      table_schema as schema,
      CASE table_type
        WHEN 'BASE TABLE' THEN 'table'
        WHEN 'VIEW' THEN 'view'
        WHEN 'LOCAL TEMPORARY' THEN 'table'
        END as type
    from system.information_schema.tables
    where lower(table_schema) = 'main'
    and lower(table_catalog) = 'drill_drift'
  
[0m15:41:09.277508 [debug] [ThreadPool]: SQL status: OK in 0.004 seconds
[0m15:41:09.279395 [debug] [ThreadPool]: On list_drill_drift_main: ROLLBACK
[0m15:41:09.280176 [debug] [ThreadPool]: On list_drill_drift_main: Close
[0m15:41:09.282140 [debug] [MainThread]: Sending event: {'category': 'dbt', 'action': 'runnable_timing', 'label': 'efc79e37-4e2b-4a7e-b4bb-4d138fab018a', 'context': [<snowplow_tracker.self_describing_json.SelfDescribingJson object at 0x708dbbbe92b0>]}
[0m15:41:09.283117 [debug] [MainThread]: Using duckdb connection "master"
[0m15:41:09.283624 [debug] [MainThread]: On master: BEGIN
[0m15:41:09.284120 [debug] [MainThread]: Opening a new connection, currently in state init
[0m15:41:09.285102 [debug] [MainThread]: SQL status: OK in 0.001 seconds
[0m15:41:09.285585 [debug] [MainThread]: On master: COMMIT
[0m15:41:09.285979 [debug] [MainThread]: Using duckdb connection "master"
[0m15:41:09.286337 [debug] [MainThread]: On master: COMMIT
[0m15:41:09.286961 [debug] [MainThread]: SQL status: OK in 0.000 seconds
[0m15:41:09.287417 [debug] [MainThread]: On master: Close
[0m15:41:09.291223 [debug] [Thread-1 (]: Began running node model.ai_data_engineer.gold_crypto_daily
[0m15:41:09.292036 [info ] [Thread-1 (]: 1 of 2 START sql table model main.gold_crypto_daily ............................ [RUN]
[0m15:41:09.292766 [debug] [Thread-1 (]: Re-using an available connection from the pool (formerly list_drill_drift_main, now model.ai_data_engineer.gold_crypto_daily)
[0m15:41:09.293209 [debug] [Thread-1 (]: Began compiling node model.ai_data_engineer.gold_crypto_daily
[0m15:41:09.302069 [debug] [Thread-1 (]: Writing injected SQL for node "model.ai_data_engineer.gold_crypto_daily"
[0m15:41:09.303054 [debug] [Thread-1 (]: Began executing node model.ai_data_engineer.gold_crypto_daily
[0m15:41:09.366516 [debug] [Thread-1 (]: Writing runtime sql for node "model.ai_data_engineer.gold_crypto_daily"
[0m15:41:09.367577 [debug] [Thread-1 (]: Using duckdb connection "model.ai_data_engineer.gold_crypto_daily"
[0m15:41:09.368094 [debug] [Thread-1 (]: On model.ai_data_engineer.gold_crypto_daily: BEGIN
[0m15:41:09.368517 [debug] [Thread-1 (]: Opening a new connection, currently in state closed
[0m15:41:09.369626 [debug] [Thread-1 (]: SQL status: OK in 0.001 seconds
[0m15:41:09.370145 [debug] [Thread-1 (]: Using duckdb connection "model.ai_data_engineer.gold_crypto_daily"
[0m15:41:09.370621 [debug] [Thread-1 (]: On model.ai_data_engineer.gold_crypto_daily: /* {"app": "dbt", "dbt_version": "1.12.5", "profile_name": "ai_data_engineer", "target_name": "drill", "node_id": "model.ai_data_engineer.gold_crypto_daily"} */

    

    create  table
      "drill_drift"."main"."gold_crypto_daily__dbt_tmp"
  
    
    as (
      
-- gold_crypto_daily (v1)
-- Mart: one row per coin per day. OHLC approximated from intra-day snapshots
-- (ingest runs every ~6h, so 2-4 snapshots/day): open = first snapshot price,
-- close = last snapshot price, high/low = min/max.
-- Grain key: (coin_id, market_date). Idempotent full refresh.
WITH ordered AS (
    SELECT
        coin_id,
        symbol,
        name,
        CAST(snapshot_ts AS DATE) AS market_date,
        snapshot_ts,
        current_price,
        market_cap,
        total_volume,
        price_change_percentage_24h,
        ROW_NUMBER() OVER (PARTITION BY coin_id, CAST(snapshot_ts AS DATE)
                           ORDER BY snapshot_ts ASC)  AS rn_asc,
        ROW_NUMBER() OVER (PARTITION BY coin_id, CAST(snapshot_ts AS DATE)
                           ORDER BY snapshot_ts DESC) AS rn_desc
    FROM "drill_drift"."main"."silver_crypto"
),
agg AS (
    SELECT
        coin_id,
        CAST(snapshot_ts AS DATE) AS market_date,
        MAX(symbol) AS symbol,
        MAX(name)   AS coin_name,
        COUNT(*)    AS snapshot_count,
        MIN(current_price) AS low_price,
        MAX(current_price) AS high_price,
        AVG(current_price) AS avg_price,
        AVG(total_volume)  AS avg_volume,
        AVG(market_cap)    AS avg_market_cap,
        MAX(ingested_at)   AS last_ingested_at
    FROM "drill_drift"."main"."silver_crypto"
    GROUP BY coin_id, CAST(snapshot_ts AS DATE)
)
SELECT
    md5(a.coin_id || '|' || CAST(a.market_date AS VARCHAR)) AS crypto_daily_sk,
    a.coin_id,
    a.symbol,
    a.coin_name,
    a.market_date,
    o_open.current_price  AS open_price,
    o_close.current_price AS close_price,
    a.low_price,
    a.high_price,
    a.avg_price,
    a.avg_volume,
    a.avg_market_cap,
    o_close.price_change_percentage_24h AS change_24h_pct,
    a.snapshot_count,
    a.last_ingested_at
FROM agg a
LEFT JOIN ordered o_open
  ON o_open.coin_id = a.coin_id
 AND CAST(o_open.snapshot_ts AS DATE) = a.market_date
 AND o_open.rn_asc = 1
LEFT JOIN ordered o_close
  ON o_close.coin_id = a.coin_id
 AND CAST(o_close.snapshot_ts AS DATE) = a.market_date
 AND o_close.rn_desc = 1
    );
    
  
[0m15:41:09.382781 [debug] [Thread-1 (]: SQL status: OK in 0.011 seconds
[0m15:41:09.389915 [debug] [Thread-1 (]: Using duckdb connection "model.ai_data_engineer.gold_crypto_daily"
[0m15:41:09.390495 [debug] [Thread-1 (]: On model.ai_data_engineer.gold_crypto_daily: /* {"app": "dbt", "dbt_version": "1.12.5", "profile_name": "ai_data_engineer", "target_name": "drill", "node_id": "model.ai_data_engineer.gold_crypto_daily"} */
alter table "drill_drift"."main"."gold_crypto_daily__dbt_tmp" rename to "gold_crypto_daily"
[0m15:41:09.391571 [debug] [Thread-1 (]: SQL status: OK in 0.001 seconds
[0m15:41:09.411652 [debug] [Thread-1 (]: On model.ai_data_engineer.gold_crypto_daily: COMMIT
[0m15:41:09.412243 [debug] [Thread-1 (]: Using duckdb connection "model.ai_data_engineer.gold_crypto_daily"
[0m15:41:09.412718 [debug] [Thread-1 (]: On model.ai_data_engineer.gold_crypto_daily: COMMIT
[0m15:41:09.434406 [debug] [Thread-1 (]: SQL status: OK in 0.021 seconds
[0m15:41:09.440628 [debug] [Thread-1 (]: Using duckdb connection "model.ai_data_engineer.gold_crypto_daily"
[0m15:41:09.441183 [debug] [Thread-1 (]: On model.ai_data_engineer.gold_crypto_daily: /* {"app": "dbt", "dbt_version": "1.12.5", "profile_name": "ai_data_engineer", "target_name": "drill", "node_id": "model.ai_data_engineer.gold_crypto_daily"} */

      drop table if exists "drill_drift"."main"."gold_crypto_daily__dbt_backup" cascade
    
[0m15:41:09.442095 [debug] [Thread-1 (]: SQL status: OK in 0.000 seconds
[0m15:41:09.445269 [debug] [Thread-1 (]: On model.ai_data_engineer.gold_crypto_daily: Close
[0m15:41:09.447613 [debug] [Thread-1 (]: Sending event: {'category': 'dbt', 'action': 'run_model', 'label': 'efc79e37-4e2b-4a7e-b4bb-4d138fab018a', 'context': [<snowplow_tracker.self_describing_json.SelfDescribingJson object at 0x708dc3e489e0>]}
[0m15:41:09.448533 [info ] [Thread-1 (]: 1 of 2 OK created sql table model main.gold_crypto_daily ....................... [[32mOK[0m in 0.15s]
[0m15:41:09.449428 [debug] [Thread-1 (]: Finished running node model.ai_data_engineer.gold_crypto_daily
[0m15:41:09.449968 [debug] [Thread-1 (]: Began running node model.ai_data_engineer.gold_weather_hourly
[0m15:41:09.450726 [info ] [Thread-1 (]: 2 of 2 START sql table model main.gold_weather_hourly .......................... [RUN]
[0m15:41:09.451340 [debug] [Thread-1 (]: Re-using an available connection from the pool (formerly model.ai_data_engineer.gold_crypto_daily, now model.ai_data_engineer.gold_weather_hourly)
[0m15:41:09.451779 [debug] [Thread-1 (]: Began compiling node model.ai_data_engineer.gold_weather_hourly
[0m15:41:09.455054 [debug] [Thread-1 (]: Writing injected SQL for node "model.ai_data_engineer.gold_weather_hourly"
[0m15:41:09.455841 [debug] [Thread-1 (]: Began executing node model.ai_data_engineer.gold_weather_hourly
[0m15:41:09.459347 [debug] [Thread-1 (]: Writing runtime sql for node "model.ai_data_engineer.gold_weather_hourly"
[0m15:41:09.460112 [debug] [Thread-1 (]: Using duckdb connection "model.ai_data_engineer.gold_weather_hourly"
[0m15:41:09.460759 [debug] [Thread-1 (]: On model.ai_data_engineer.gold_weather_hourly: BEGIN
[0m15:41:09.461233 [debug] [Thread-1 (]: Opening a new connection, currently in state closed
[0m15:41:09.462094 [debug] [Thread-1 (]: SQL status: OK in 0.001 seconds
[0m15:41:09.462564 [debug] [Thread-1 (]: Using duckdb connection "model.ai_data_engineer.gold_weather_hourly"
[0m15:41:09.462980 [debug] [Thread-1 (]: On model.ai_data_engineer.gold_weather_hourly: /* {"app": "dbt", "dbt_version": "1.12.5", "profile_name": "ai_data_engineer", "target_name": "drill", "node_id": "model.ai_data_engineer.gold_weather_hourly"} */

    

    create  table
      "drill_drift"."main"."gold_weather_hourly__dbt_tmp"
  
    
    as (
      
-- gold_weather_hourly (v1)
-- Mart: one row per city per hour (latest observation wins on re-delivery).
-- Enriched with the city's daily min/max for context.
-- Grain key: (city, hour_ts). Idempotent full refresh.
WITH daily AS (
    SELECT
        city,
        CAST(hour_ts AS DATE) AS weather_date,
        MIN(temperature_2m) AS day_min_temp_c,
        MAX(temperature_2m) AS day_max_temp_c
    FROM "drill_drift"."main"."silver_weather"
    GROUP BY city, CAST(hour_ts AS DATE)
)
SELECT
    s.weather_hour_sk,
    s.city,
    s.hour_ts,
    s.temperature_2m AS temp_c,
    d.day_min_temp_c,
    d.day_max_temp_c,
    s.latitude,
    s.longitude,
    s._run_id AS source_run_id,
    s.ingested_at
FROM "drill_drift"."main"."silver_weather" s
JOIN daily d
  ON d.city = s.city
 AND d.weather_date = CAST(s.hour_ts AS DATE)
    );
    
  
[0m15:41:09.471116 [debug] [Thread-1 (]: SQL status: OK in 0.008 seconds
[0m15:41:09.473984 [debug] [Thread-1 (]: Using duckdb connection "model.ai_data_engineer.gold_weather_hourly"
[0m15:41:09.474470 [debug] [Thread-1 (]: On model.ai_data_engineer.gold_weather_hourly: /* {"app": "dbt", "dbt_version": "1.12.5", "profile_name": "ai_data_engineer", "target_name": "drill", "node_id": "model.ai_data_engineer.gold_weather_hourly"} */
alter table "drill_drift"."main"."gold_weather_hourly__dbt_tmp" rename to "gold_weather_hourly"
[0m15:41:09.475439 [debug] [Thread-1 (]: SQL status: OK in 0.000 seconds
[0m15:41:09.477533 [debug] [Thread-1 (]: On model.ai_data_engineer.gold_weather_hourly: COMMIT
[0m15:41:09.478009 [debug] [Thread-1 (]: Using duckdb connection "model.ai_data_engineer.gold_weather_hourly"
[0m15:41:09.478400 [debug] [Thread-1 (]: On model.ai_data_engineer.gold_weather_hourly: COMMIT
[0m15:41:09.504174 [debug] [Thread-1 (]: SQL status: OK in 0.025 seconds
[0m15:41:09.506643 [debug] [Thread-1 (]: Using duckdb connection "model.ai_data_engineer.gold_weather_hourly"
[0m15:41:09.507209 [debug] [Thread-1 (]: On model.ai_data_engineer.gold_weather_hourly: /* {"app": "dbt", "dbt_version": "1.12.5", "profile_name": "ai_data_engineer", "target_name": "drill", "node_id": "model.ai_data_engineer.gold_weather_hourly"} */

      drop table if exists "drill_drift"."main"."gold_weather_hourly__dbt_backup" cascade
    
[0m15:41:09.510263 [debug] [Thread-1 (]: SQL status: OK in 0.003 seconds
[0m15:41:09.513051 [debug] [Thread-1 (]: On model.ai_data_engineer.gold_weather_hourly: Close
[0m15:41:09.514078 [debug] [Thread-1 (]: Sending event: {'category': 'dbt', 'action': 'run_model', 'label': 'efc79e37-4e2b-4a7e-b4bb-4d138fab018a', 'context': [<snowplow_tracker.self_describing_json.SelfDescribingJson object at 0x708dbac9ede0>]}
[0m15:41:09.515129 [info ] [Thread-1 (]: 2 of 2 OK created sql table model main.gold_weather_hourly ..................... [[32mOK[0m in 0.06s]
[0m15:41:09.516529 [debug] [Thread-1 (]: Finished running node model.ai_data_engineer.gold_weather_hourly
[0m15:41:09.518987 [debug] [MainThread]: Using duckdb connection "master"
[0m15:41:09.519740 [debug] [MainThread]: On master: BEGIN
[0m15:41:09.520135 [debug] [MainThread]: Opening a new connection, currently in state closed
[0m15:41:09.521754 [debug] [MainThread]: SQL status: OK in 0.002 seconds
[0m15:41:09.522232 [debug] [MainThread]: On master: COMMIT
[0m15:41:09.522834 [debug] [MainThread]: Using duckdb connection "master"
[0m15:41:09.523157 [debug] [MainThread]: On master: COMMIT
[0m15:41:09.523856 [debug] [MainThread]: SQL status: OK in 0.000 seconds
[0m15:41:09.524277 [debug] [MainThread]: On master: Close
[0m15:41:09.524886 [debug] [MainThread]: Connection 'master' was properly closed.
[0m15:41:09.525235 [debug] [MainThread]: Connection 'model.ai_data_engineer.gold_weather_hourly' was properly closed.
[0m15:41:09.525686 [info ] [MainThread]: 
[0m15:41:09.526137 [info ] [MainThread]: Finished running 2 table models in 0 hours 0 minutes and 0.46 seconds (0.46s).
[0m15:41:09.527126 [debug] [MainThread]: Command end result
[0m15:41:09.585436 [debug] [MainThread]: Wrote artifact WritableManifest to /home/hatch/workspace/ai-data-engineer/target/manifest.json
[0m15:41:09.589407 [debug] [MainThread]: Wrote artifact SemanticManifest to /home/hatch/workspace/ai-data-engineer/target/semantic_manifest.json
[0m15:41:09.593449 [debug] [MainThread]: Wrote artifact OsiDocument to /home/hatch/workspace/ai-data-engineer/target/osi_document.json
[0m15:41:09.603854 [debug] [MainThread]: Wrote artifact RunExecutionResult to /home/hatch/workspace/ai-data-engineer/target/run_results.json
[0m15:41:09.604409 [info ] [MainThread]: 
[0m15:41:09.604925 [info ] [MainThread]: [32mCompleted successfully[0m
[0m15:41:09.605300 [info ] [MainThread]: 
[0m15:41:09.605741 [info ] [MainThread]: Done. PASS=2 WARN=0 ERROR=0 SKIP=0 NO-OP=0 REUSED=0 TOTAL=2
[0m15:41:09.606980 [debug] [MainThread]: Resource report: {"command_name": "build", "command_success": true, "command_wall_clock_time": 1.5203774, "process_in_blocks": "0", "process_kernel_time": 0.246352, "process_mem_max_rss": "173248", "process_out_blocks": "2984", "process_user_time": 3.24833}
[0m15:41:09.607626 [debug] [MainThread]: Command `dbt build` succeeded at 15:41:09.607510 after 1.52 seconds
[0m15:41:09.608096 [debug] [MainThread]: Sending event: {'category': 'dbt', 'action': 'invocation', 'label': 'end', 'context': [<snowplow_tracker.self_describing_json.SelfDescribingJson object at 0x708dc0eed490>, <snowplow_tracker.self_describing_json.SelfDescribingJson object at 0x708dc230ffe0>, <snowplow_tracker.self_describing_json.SelfDescribingJson object at 0x708dbb715dc0>]}
[0m15:41:09.608579 [debug] [MainThread]: Flushing usage events
[0m15:41:10.103239 [debug] [MainThread]: An error was encountered while trying to flush usage events
